id,name,reference,mandatory
"PPS_Lamp","PPS_Lamp","IF-1675;IF-1133;IF-3114",""
"EL","Emergency lighting","IF-2206;IF-2258;IF-61690;IF-2427;IF-1053;IF-2236;IF-2383;IF-2265;IF-2369;IF-2194;IF-2363;IF-1561;IF-2365;IF-1486;IF-1017;IF-1060;IF-2220;IF-2347;IF-1243;IF-6692424;IF-1098;IF-3080;IF-2255;IF-6576299;IF-6599627;IF-32585;IF-2245;IF-1914;IF-1413;CAT-316024;IF-1353;IF-2247;IF-1057;IF-2106;IF-2356;IF-2385;IF-1506;IF-2274;IF-1492;IF-2203;IF-5665768;IF-2375;IF-1822;IF-2031;IF-1482;IF-61619;IF-6498703;IF-2425;IF-1005;IF-1003;IF-1194;IF-1020;IF-1415;IF-2429;IF-2248;IF-6498704;IF-2335;IF-2195;IF-2261;IF-2133;IF-1056;IF-2377;IF-1264;IF-32594;IF-2249;IF-2064;IF-2020;IF-2190;IF-2354;IF-6975094;IF-1024;IF-2028;IF-2431;IF-3079;IF-2270;IF-3078;IF-2110",""
"pho.asset.optics","Optics distributer","",""
"COLCON10KH_NOM","Color Consistency 10000 h (Nom)","IF-500;IF-502",""
"pho.asset.surf85","Optical surface 85 degrees","",""
"PPS_LuminairePower","PPS_LuminairePower","IF-1675;IF-1133;IF-3114",""
"COLCON10KH_MAX","Color Consistency 10000 h (Max)","IF-500;IF-502",""
"PPS_LampFlux","PPS_LampFlux","IF-1675;IF-3114;IF-1133",""
"MINUNIDIST","Minimum uniform lighting distance","MPG-167295;MPG-6861829",""
"CRINDEX_MAX","Color Rendering Index (Max)","IF-569;IF-505;PG-26542;CAT-9326;MPG-9859;MPG-27444;IF-568;IF-547;IF-545;MPG-9858;MPG-9856;MPG-9857;IF-548",""
"pho.asset.kfactor","K factor","",""
"LLMF6000","LLMF 6000 h Rated","IF-541;IF-545;IF-520;IF-528;IF-536;IF-525;IF-514;IF-529;IF-523;IF-517;IF-511;IF-513",""
"CLR","Color","IF-2270;IF-2258;IF-1188;IF-1326;IF-2088;IF-2206;IF-1315;PG-44551;IF-12372;IF-7125175;IF-2147;IF-7125180;IF-1630;IF-51764;IF-2054;IF-1170;IF-2362;IF-2006;IF-1149;IF-12361;IF-1684;IF-1510;IF-2144;IF-1151;IF-1631;IF-2021;IF-1331;IF-2364;IF-1226;PG-44460;IF-2255;IF-1933;IF-1227;IF-2094;IF-1249;IF-45779;PG-6961847;IF-1386;IF-2050;PG-44448;IF-2139;IF-1155;IF-1623;CAT-316024;IF-6965739;IF-2025;PG-44434;IF-2079;IF-2199;IF-7007820;IF-1422;IF-1647;PG-6744832;IFS-15391;IF-2098;IF-1264;IFS-15287;IF-1558;IF-2082;IF-2249;IF-1378;IF-1016;IF-1904;IF-2081;IF-1154;IF-7125186;IF-3102;IF-2075;IF-1251;IFS-15278;IF-1165;IF-1038;IF-1632;IF-2143;IF-2095;IF-2074;CAT-6698971;IFS-15381;MPG-167295;IF-1050;IF-2197;IF-7125268;IF-1424;IF-2099;IF-2146;CAT-44365;IF-2363;PG-44454;IF-2153;IF-1325;IF-1017;PG-44609;PG-44543;IF-1663;IF-1421;PG-44555;IF-2030;CAT-6702460;IF-1046;IFS-10780;IF-2048;IF-2356;IF-13268;IF-1311;IF-1931;IF-2138;IF-7100388;IF-1036;IF-2092;IF-2366;IF-12363;IF-2091;PG-44464;IF-1035;IF-2140;FP-820619247821;IF-1352;IF-1152;IF-1187;IFS-15242;IF-2261;IF-1511;IF-1419;IF-2080;IF-1898;IF-2338;IF-1107;IF-1183;MPG-6709950;CAT-14999;IF-51768;PG-44422;PG-44456;IF-1423;MPG-6993641;IF-12358;IF-1156;IF-1179;IF-61690;IF-1053;IFS-15392;IF-2177;IF-2262;IF-2097;IF-1181;IF-1387;MPG-44413;PG-44579;IF-2222;IF-1253;IF-1330;IF-2355;IF-13265;IF-3114;IF-2271;IF-1420;IFS-15389;IF-1144;IF-1266;IF-1060;IF-2154;IFS-15384;IF-2073;IF-2066;IF-1145;IF-2069;IF-2093;IF-2228;IF-2274;PG-6732314;IF-1310;IF-1143;IF-2084;PG-7099782;IF-13246;IF-1084;IFS-15288;IFS-15276;CAT-44366;PG-44430;IF-1314;IF-1015;IF-1920;IF-1465;IF-2259;IF-1559;IF-32593;IF-1250;IF-1906;IF-2374;IF-9919;IF-32594;IF-2085;IFS-15279;IF-3098;IF-1103;IFS-15387;IF-1377;PG-44452;IF-51785;IF-1679;IF-2354;IF-1171;IF-2151;IF-2203;IF-1169;IF-2343;IF-13244;IF-1248;IF-1037;IF-1309;IF-1147;IF-3100;IF-1675;IF-1252;IF-1259;IFS-15290;IF-2257;IF-2141;IF-1375;IF-2194;IF-6965738;IF-2365;IF-32596;IF-2207;IF-1048;IF-32590;IF-1087;MPG-6861829;IF-1254;IF-2142;IF-2891;IF-1930;IF-1329;IF-2247;IF-2072;IFS-15385;IF-1327;IF-2008;IF-2078;IF-1672;IFS-15286;IF-3099;IF-2083;IF-1560;IF-1321;IF-2260;IF-12357;IF-1899;IF-2375;IF-2031;IF-13280;IF-1313;IFS-15388;IF-9920;IF-2210;IF-1444;IF-1056;IF-1376;IF-2087;IF-1244;IF-2086;IF-7207876;IF-2156;IF-2020;IF-2027;IFS-15277;IF-3079;IF-2028;IF-2360;IF-1428;IF-1902","PG-44551;IF-1226;PG-44460;PG-44448;PG-44434;IF-1165;CAT-44365;PG-44454;PG-44609;PG-44543;PG-44555;PG-44464;IF-1183;PG-44422;PG-44456;MPG-44413;PG-44579;IF-1253;CAT-44366;PG-44430;IF-3098;PG-44452;IF-1244"
"COLTEMPTECH","Color Temperature Technical","IF-7125175;IF-7125186;IF-7125268;MPG-9858;IF-7100388;IF-536;IF-7125180",""
"pho.distribution","Lamp Distribution","SC-9314",""
"pho.asset.uteclass","Light distribution","",""
"pho.COMMFAMID","Catalog Family Code","SC-9314",""
"SURF85","Surface area at 85 degrees","",""
"pho.asset.colorfac","Lamp colour factor","",""
"STILTSIDE","Standard tilt angle side entry","IF-1151;IF-13265;IF-2073;IF-1046;IF-13280;IF-7207876;IF-2153;IF-1149;IF-2093;IF-7125175;IF-12357;IF-2095;IF-3114;IF-3100;IF-1248;IF-1254;IF-2088;IF-1145;IF-1169;IF-1156;IF-1226;IF-2084;IF-1227;IF-1152;IF-1143;IF-1187;IF-2149;CAT-6698971;IF-1084;IF-2092;IF-1155;IF-2065;IF-1144;IF-7100388;IF-1253;IF-1087;IF-1036;IF-1154;IF-1147;IF-2064;IF-1171;IF-1107;PG-44551;IF-2094;IF-1188;IF-1047;PG-44543;PG-44555;IF-2097;IF-1038;IF-1251;IF-6963622;IF-1170;IF-1309;IF-1150;IF-1035;CAT-44366;CAT-316024;IF-1165;IF-2086;IF-1249;IF-1244;IF-2087;IF-2085;IF-3066836;IF-1048;IF-2154;IF-1252;IF-7007820","IF-1226;IF-1253;PG-44551;PG-44555;CAT-44366;IF-1165;IF-1244;IF-3066836"
"DEPR8000","UV Depreciation at 8000 h","IF-545",""
"pho.asset.housing","Housing Name","",""
"SURF76","Surface area at 76 degrees","",""
"pho.pfc","Product family code","IF-1057;IF-2347;IF-2344;IF-1492;SC-9314;IF-61628;IF-12358;IF-1015;IF-13268;IF-2093;IF-1920;IF-2337;IF-1931;IF-13265;IF-1486;IF-2374;IF-2339;IF-2372;IF-2375;IF-1378;IF-2335;IF-2084;IF-2094;IF-1923;IF-1672;IF-1914;IF-1457;IF-1017;IF-1264;IF-1903;IF-1311;IF-2377;IF-2355;IF-1676",""
"GLASSATT","Glasses","IF-1378;CAT-316024;IF-51777;IF-1329;IF-2665;IF-51770;IF-1423;IF-1330;IF-1420;IF-51771;IF-61629;IF-61628;IF-1422;IF-2504;IF-51772;IF-13268;IF-2676;IF-1419;IF-12358;IF-1387;IF-13265;IF-51774;IF-2505",""
"pho.lor","Light Output Ratio","SC-9314",""
"SO-CRID25_MIN","Color Rendering Index (SO) (Min)","IF-548",""
"FLXFRM","Luminous Flux (Frame Mode)","",""
"DEPR5000","UV Depreciation at 5000 h","IF-545",""
"LMAIN10000_NOM","Lumen Maintenance 10000 h (Nom)","IF-543;IF-523;IF-526;IF-536;IF-516;IF-517;IF-518;IF-537;IF-515;IF-524;IF-531;IF-544;IF-522;IF-521",""
"SO-CRID25_NOM","Color Rendering Index (SO) (Nom)","IF-548",""
"LMAIN2000_MIN","Lumen Maintenance 2000 h (Min)","IF-516;IF-61693;IF-517;IF-535;IF-526;IF-521;MPG-9858;IF-531;IF-530;IF-522;IF-523;IF-518;MPG-9857;IF-524;IF-512;IF-515",""
"DLL","Decorative spill-light","IF-61617;IF-1198",""
"DEPR2000","UV Depreciation at 2000 h","IF-545",""
"Attribute Rank","Attribute Rank","",""
"MD System of Record Contact","MD System of Record Contact","",""
"phg.optic_naming_characteristics","Optic Naming Characteristics","SC-9314",""
"LAMPPOWER","Lamp power","IF-1590;COMF-2846;IF-1133;IF-1870;IF-2177;IF-1598;IF-1630;IF-1588;IF-1055;IF-1583;IF-1575;IF-1004;IF-1593;IF-1145;IF-1631;IF-1111;IF-2662;PG-44420;IF-1059;IF-2344;PG-7100892;IF-1585;PG-7097418;IF-2606;IF-1574;IF-1587;PG-44450;PG-44432;IF-61625;IF-1871;PG-6857680;PG-44577;PG-7099782;IF-2372;IF-1595;IF-2374;IF-1043;IF-1592;IF-1581;IF-1607;IF-1054;PG-44553;PG-6861934;IF-1191;PG-7097420;PG-6857908;PG-7141621;PG-44438;PG-6869112;PG-7100900;IF-2347;PG-44545;IF-1576;IF-1597;IF-1594;IF-2337;PG-44416;IF-1596;PG-44557;IF-1567;IF-1192;IF-2003;PG-44454;PG-6861156;IF-1578;PG-44561;PG-7100902;IF-2042;PG-44549;IF-1243;IF-1017;IF-2664;IF-1591;IF-45781;IF-2164;IF-2377;IF-3081;IF-2502;IF-1353;IF-1052;IF-1018;PG-7097422;PG-44501;IF-1028;IF-1190;IF-1197;IF-2582;PG-44462;IF-2375;PG-44466;IF-2607;PG-7100894;IF-1584;IF-2339;PG-44478;IF-1577;IF-1580;PG-44458;IF-1019;IF-1189;IF-1106;PG-44446;PG-44573;IF-1615;IF-1163;IF-1589;IF-2348;FP-910403630325;IF-2558;IF-1586;CAT-316024",""
"pho.asset.geotype","Geometrical Type","",""
"LUMFLUXRAT_MIN","Luminous Flux (Rated) (Min)","IF-568;IF-518;IF-548;MPG-9858;IF-513;IF-530;IF-545;IF-541;IF-520;IF-514;MPG-9856;PG-167294;MPG-9857;IF-525;CAT-9326;IF-547;IF-536;IF-569;IF-528;IF-517;IF-523",""
"phg.visuals","Visuals to be Generated","SC-9314",""
"LUMFLUXT45","Initial luminous flux at 45 °C","IF-1152;IF-1249;IF-1036;PG-44555;IF-1251;IF-13265;IF-1187;IF-6963622;IF-1143;IF-1035;IF-1084;IF-13280;IF-2080;IF-1107;IF-1048;IF-3099;IF-1165;IF-1188;IF-1244;IF-2081;IF-12357;IF-1171;IF-1154;PG-44543;IF-3098;IF-1047;IF-1170;IF-3100;IF-1038;IF-1227;IF-1156;IF-1169;IF-1248;IF-1150;IF-7007820;IF-1149;IF-3114;IF-1252;IF-1253;IF-1046;IF-1087;IF-1151;IF-1155;IF-1147;IF-1254;IF-1144;IF-1145;PG-44551;IF-1226",""
"COLTEMP","Init. Corr. Color Temperature","IF-1631;PG-44418;IF-2046;IF-1908;IF-13265;IF-2274;PG-44460;PG-44579;IF-3114;IF-1444;IF-12372;IFS-15392;PG-44567;IF-12361;PG-6775339;IFS-15288;IF-1084;IFS-3160465;IFS-15276;IF-2079;IF-1492;IF-1253;IFS-15391;IF-3083;IF-2262455;IFS-15384;IF-1623;IF-1266;IF-1378;PG-44434;IF-1103;IF-6960802;IF-3084;PG-6961847;IF-1250;CAT-44365;PG-44559;CAT-6698971;PG-6744832;PG-44448;IF-2050;PG-44547;IF-7007820;IFS-15287;PG-6900918;IF-13246;IFS-15279;IF-9921;CAT-316024;PG-44452;PG-44571;IFS-15290;IF-1251;IF-1465;PG-44555;IF-1309;IF-1038;IF-1252;IF-1048;PG-44543;IF-1249;PG-6709955;IF-6965739;PG-44430;IF-2082;IF-3113;IF-2048;MPG-6993641;IF-1259;IF-13244;IF-2153;IF-1914;IFS-10780;IF-6965738;MPG-167295;IF-1046;IF-1248;IFS-15278;IF-1260;IF-1254;IF-1037;CAT-6702460;PG-6699025;PG-44609;IF-1264;IF-1072;PG-44422;PG-44563;IFS-15286;IF-1071;PG-7146660;IFS-15388;IF-1087;PG-44583;PG-6744834;PG-44468;IF-1931;IF-45781;MPG-6861829;PG-44575;IF-1313;IF-2042;IF-1923;PG-44440;PG-44472;IF-12363;IFS-15277;PG-6775407;PG-44551;PG-6804851;IF-2091;IF-1035;IF-13268;PG-44464;IF-13280;IF-2078;IFS-15385;IF-1321;IF-1466;IF-1311;IF-3085;IFS-15242;IF-1179;IF-12358;PG-44456;PG-44480;CAT-44366;IF-1107;IF-7207876;IF-12357;IF-1244;IF-2080","PG-44418;PG-44460;PG-44579;PG-44567;IF-1253;PG-44434;IF-3084;CAT-44365;PG-44559;PG-44448;PG-44547;PG-44452;PG-44571;PG-44555;PG-44543;PG-44430;PG-44609;PG-44422;PG-44563;PG-44583;PG-44468;PG-44575;PG-44440;PG-44472;PG-44551;PG-44464;IF-3085;PG-44456;PG-44480;CAT-44366;IF-1244"
"SYSCONF","System configuration","IF-1050;IF-2206;CAT-316024",""
"STILTTOP","Standard tilt angle posttop","IF-1151;IF-13265;IF-13280;IF-2093;IF-1149;IF-1046;IF-7125175;IF-2073;IF-12357;IF-3100;IF-2095;IF-3114;IF-1254;IF-1248;IF-2088;IF-1145;IF-1156;IF-1169;IF-7207876;IF-2079;IF-1226;IF-2084;IF-1003;IF-1152;IF-1187;IF-1227;IF-2149;CAT-6698971;IF-13268;IF-1143;IF-2092;IF-2065;IF-7100388;IF-1144;IF-1253;IF-1313;IF-1084;IF-1087;IF-1155;IF-1154;IF-2064;IF-1171;IF-1147;IF-1036;IF-2081;IF-1107;IF-7007820;PG-44551;IF-2094;IF-2078;IF-1188;IF-1047;PG-44555;PG-44543;IF-1038;IF-2097;IF-1170;IF-1251;IF-1309;IF-1150;CAT-44366;IF-2080;CAT-316024;IF-1035;IF-1165;IF-2086;IF-1249;IF-1244;IF-2087;IF-2085;IF-1048;IF-3066836;IF-1252;IF-6963622","IF-1226;IF-1253;PG-44551;PG-44555;CAT-44366;IF-1165;IF-1244;IF-3066836"
"CRINDEX_MIN","Color Rendering Index (Min)","MPG-27444;MPG-9857;IF-569;IF-505;MPG-9858;MPG-9859;MPG-9856;PG-26542;IF-568;IF-547;IF-545;IF-548;CAT-9326",""
"GEOMETRY","Geometry","IF-1196;IF-2020;IF-1194;PG-6744834;IF-3079;IF-2028;PG-6804851;IF-2025;IF-1056;IF-61690;IF-2016;PG-44609;IF-2018;IF-2030;PG-6775339;IF-1197;IF-2133;IF-6576299;HOU-7206403;IF-2021;IF-6599627;IF-2029;PG-44448;IF-32594;IF-32593;IF-1053;IF-1195",""
"phg.housing_naming_characteristics","Housing Naming Characteristics","SC-9314",""
"SYSPOWER","Initial input power","PG-44418;IF-7125175;PG-44460;IF-13265;IF-2046;IF-1908;IF-2274;IF-1486;IF-3114;IF-7207876;PG-44579;IF-12372;IF-1444;IF-12361;PG-44567;IFS-15392;MPG-9399;IFS-15288;IFS-15391;IF-1492;IF-2021;IF-1247;IFS-15276;IFS-15389;IF-1253;IF-1060;IF-1084;IF-3083;IF-1053;PG-6961847;IF-1623;IFS-15384;PG-44448;IF-1103;IF-6960802;IF-1250;IFS-15387;IF-7007820;PG-44434;IF-1378;IF-2025;IF-3084;PG-6744832;IF-2081;CAT-6698971;IFS-15287;PG-44547;IF-13246;IF-1386;IF-9919;IF-2050;IFS-15279;IF-6965739;PG-44452;IF-1069;IF-7125180;IF-32590;IF-9921;IFS-15290;IF-1251;IF-1048;PG-44430;IF-1252;IF-7125186;IF-1309;IF-1038;IF-1465;IF-1249;IF-51785;IF-32593;IF-32594;PG-6709955;PG-44543;IF-2048;IF-1259;IF-6965738;IF-2153;IF-1046;IF-1914;MPG-6993641;IF-2030;CAT-44365;IF-13244;IFS-10780;CAT-44366;IFS-15278;PG-44609;IF-1248;IF-7125268;IFS-15381;IF-1037;IF-1254;IF-1264;PG-44555;CAT-316024;IF-1072;IF-3086;IFS-15286;IFS-15388;IF-1071;IF-13268;CAT-6702460;IF-1087;IF-1245;PG-44468;PG-44472;IF-45781;IF-1313;IF-1246;IF-2042;IF-12363;PG-44422;IF-2020;IFS-15277;IF-2028;PG-44464;IF-3079;IF-1035;IF-1428;IF-2016;IFS-15385;IF-1466;IF-13280;IF-3085;IFS-15242;IF-1311;IF-7100388;PG-44551;IF-2027;IF-2097;IF-12358;IF-2080;IF-1179;PG-44480;IF-1056;IF-1107;PG-44456;IF-3115;IF-1244;IF-61690;IF-3066836;IF-12357","PG-44418;PG-44460;PG-44579;PG-44567;IF-1253;PG-44448;PG-44434;IF-3084;PG-44547;PG-44452;PG-44430;PG-44543;CAT-44365;CAT-44366;PG-44609;PG-44555;PG-44468;PG-44472;PG-44422;PG-44464;IF-3085;PG-44551;PG-44480;PG-44456;IF-1244;IF-3066836"
"RESPIX","Resolution In OLED Pixels","",""
"LMPSUPVOLT","Lamp supply voltage","IF-1787;CAT-316024;IF-1920;IF-1486;IF-2008;PG-6857700;IF-544;IF-2885;IF-536;IF-1907;PG-44583;IF-1933;IF-1646;IF-61625;IF-1923;IF-2114",""
"pho.nopl","Number of Parallel Lamps","SC-9314",""
"PPF","Photosynthetic Photon Flux (PPF)","IF-543;PG-167294",""
"CVRACC","Optical cover/lens type accessory","IF-2509;IF-2664;IF-2662;IF-61626;IF-1413;IF-2347;IF-1590;IF-2504;IF-2622;IF-2692;IF-1576;IF-2633;IF-1567;IF-1033;IF-2626;IF-51792;IF-1057;IF-1583;IF-1378;IF-1672;IF-32585;IF-2518;IF-2377;IF-315122;IF-32586;IF-1602;IF-2587;IF-1264;IF-1457;IF-1603;IF-1017;IF-2625;IF-2505;IF-1028;IF-2567;IF-1416;IF-2510;IF-2586;IF-2344;IF-2529;IF-1004;IF-1415;IF-2568;IF-1015;IF-1574;IF-2628;IF-1032;IF-2623;IF-1565;IF-2606;IF-1031;IF-2569;IF-1265;IF-2339;IF-2693;IF-2428;IF-2547;IF-2694;IF-1601;IF-1268;IF-1592;IF-2517;IF-1914;IF-51769;IF-2576;IF-1903;CAT-316024;IF-2503;IF-1019;IF-1589;IF-2570;IF-1571",""
"DEPR1000","UV Depreciation at 1000 h","IF-545",""
"pho.asset.inpw","Power consumption","",""
"SDCM","Standard deviation color matching","IF-1132;IF-1254;IF-6965735;IF-1164;IF-1131;IF-1124;IF-3105;IF-1134;IF-1159;IF-3100;IF-1130",""
"LMEFFPW_MAX","Luminous Efficacy (rated) (Max)","IF-518;IF-587;MPG-27444;IF-525;IF-517;IF-545;IF-528;CAT-27442;IF-524;IF-515;IF-548;IF-586;IF-584;IF-523;PG-26542;IF-530;IF-505;IF-6600762;IF-512;IF-521;IF-571;IF-514;IF-513;MPG-9858;IF-520;IF-516;IF-572;MPG-9857;IF-526;IF-531","CAT-27442"
"LMEFFPW_MIN","Luminous Efficacy (rated) (Min)","IF-587;IF-523;IF-518;IF-517;IF-524;MPG-27444;IF-525;IF-528;CAT-27442;IF-515;PG-26542;IF-548;IF-586;IF-6600762;IF-584;IF-530;IF-505;IF-571;IF-521;IF-512;IF-513;MPG-9857;IF-514;MPG-9858;IF-520;IF-516;IF-572;IF-545;IF-531;IF-526","CAT-27442"
"LLMF12000","LLMF 12000 h Rated","IF-523;IF-514;IF-541;IF-528;IF-536;IF-517;IF-525;IF-529;IF-513;IF-520","IF-514;IF-513"
"pho.measurement_efficiency","Measurement Efficiency","SC-9314",""
"pho.asset.surf76","Optical surface 76 degrees","",""
"pho.asset.bangle","Gamma angle","",""
"pho.lamp_name","Lamp Name","SC-9314",""
"LUMIN120US","Luminous Intensity At 120 V","IF-587;IF-569",""
"FILTER","Filters and lenses","IF-1422;IF-2693;IF-2626;IF-1421;IF-1329;IF-1330;IF-2651;IF-1057;IF-2694;IF-2670;IF-1423;IF-1420;IF-2538;IF-1486;CAT-316024;IF-2505;IF-1387;IF-315122;IF-1419;IF-1908;IF-2504;IF-2692;IF-2509",""
"LUMFLUXT35","Initial luminous flux at 35 °C","IF-1152;PG-44543;IF-1249;IF-1036;IF-1251;IF-13265;IF-1144;IF-1187;IF-1035;IF-1143;IF-1087;IF-6963622;PG-44555;IF-1084;IF-13280;IF-2080;IF-1244;IF-1048;IF-3099;IF-1107;IF-1165;IF-12357;IF-1188;IF-2081;IF-1171;IF-3098;IF-1047;IF-1170;IF-3100;IF-1156;IF-1038;IF-1154;IF-1227;IF-1248;IF-1150;IF-1253;IF-1149;IF-1252;IF-3114;IF-1046;IF-1147;IF-1155;IF-1151;IF-1254;PG-44551;IF-1226;IF-1145;IF-1169;IF-7007820",""
"LMAINEOL","Lumen Maintenance At End Of Life","IF-501",""
"LUMEN120US","Luminous Flux Lamp @ 120V","IF-569;IF-568;MPG-9857;IF-587",""
"OPT","Optic type","IF-2359;IF-1179;IF-1579;IF-2226;IF-2027;IF-1053;IF-1058;IF-2332;IF-2177;IF-2021;IF-2382;IF-1870;IF-3084;PG-7146660;IF-1673;IF-2353;PG-44460;IF-1022;IF-2255;IF-1876;IF-1867;IF-1181;IF-9923;IF-2362;IF-2189;IF-1676;IF-1486;IF-1409;IF-1877;IF-2355;IF-2211;IF-2195;IF-1060;IF-2253;IFS-15384;IF-2191;IF-2333;IF-2203;PG-44434;IF-1040;IF-2429;IF-2200;IF-12361;IF-12372;IF-2248;IF-1098;IF-2193;IF-2364;IF-1487;IF-2216;IF-32585;IF-1864;IF-45779;PG-44430;IF-1020;IF-2342;IF-1936;IF-2274;PG-44452;IF-1024;IF-1506;IF-2217;IF-2357;IF-2221;IF-1266;IF-2025;IF-2249;PG-44476;IF-2166;IFS-15276;IF-1005;IFS-15288;PG-44609;IF-1264;IF-32584;IF-1015;IF-1871;IF-1904;IFS-15287;IF-32593;IF-1043;MPG-6861829;IF-2236;IF-13280;IF-1261;IF-2374;IF-2354;PG-44472;IFS-15279;IF-2259;IF-2110;CAT-316024;IF-1492;IF-2247;IF-1488;PG-44422;IF-2343;PG-44438;IF-2427;IF-1863;IF-1674;IF-1675;IF-2042;IF-2352;IF-1104;IFS-15278;CAT-6702460;IF-2164;IF-2365;PG-7144779;MPG-167295;IF-1868;IF-32594;IF-32597;IFS-15290;IF-32599;IF-1914;IF-2245;IF-3087;IF-1875;IF-2363;IF-1490;IF-1270;IF-1267;PG-7100902;CAT-44365;IF-2198;IF-1855;PG-44464;IF-3081;IF-3080;IF-1862;IF-3085;PG-6744832;IF-2194;IF-1057;IF-2106;IF-1413;IF-2356;IF-49754;PG-44418;IF-2335;IF-61628;IF-2375;IF-2261;IFS-15385;IF-1989;IFS-15286;IF-61627;IF-1822;IF-1866;IF-2190;IF-1017;IF-1882;IF-12363;IF-1482;IF-2201;IF-45781;IF-1415;PG-44456;IF-1903;IF-1865;PG-44480;IF-1056;IF-2258;IF-2206;IF-1269;IF-2046;PG-44478;IFS-15277;IF-1908;IF-2222;IF-1183;IF-9918;IF-61619;PG-44446;IF-1106;IF-2020;IF-3079;IF-2210;IF-2360;IF-2165","IF-3084;PG-44460;IF-9923;PG-44434;PG-44430;PG-44452;PG-44476;PG-44609;PG-44472;PG-44422;PG-44438;CAT-44365;PG-44464;IF-3085;PG-44418;IF-1415;PG-44456;PG-44480;PG-44478;IF-1183;PG-44446"
"TOTLITSUR","Total lit surface","",""
"PPFMAIN10K","PPF Maintenance 10000 h","PG-167294",""
"IPV","Ingress protection code","MPG-6709949;IF-2206;IF-2258;IF-7125175;IF-12372;IF-1854;IF-2178;IF-1444;IF-1673;IF-2265;CAT-6730375;IF-2199;IF-1472;IF-2000;IF-2669;PG-44371;IF-1005;IF-12361;MPG-6732317;IF-2255;IF-2273;IF-1993;MPG-6732311;PG-44460;IF-1487;IF-1492;IF-2191;IF-1416;PG-6961847;PG-7100892;PG-44432;IFS-15391;PG-6744832;IF-1032;IF-1873;IF-2253;MPG-44531;PG-44434;PG-44448;IF-2195;IF-2217;IF-2580;IF-1996;IF-1048;IF-1264;IFS-15287;IF-1011;IF-1904;IF-7125180;IF-6965739;IF-2249;CAT-316024;IF-7125186;IF-1856;IF-3084;PG-6709955;IF-1860;MPG-6993641;IFS-10780;IFS-15278;PG-44555;IFS-15381;IF-1863;IF-2427;IF-2197;IF-9921;IF-2369;IF-2034;IF-2664;IF-1861;IF-2363;IF-2236;PG-6699025;PG-44557;IF-2356;CAT-6702460;MPG-44487;PG-44454;PG-44440;IF-3086;PG-7146660;CAT-44365;IF-2368;PG-44609;IF-1490;MPG-44488;CAT-44368;IF-2366;PG-44547;IF-1018;MPG-6861829;IF-2042;IF-3083;IF-1046;IF-3158116;IF-2245;PG-44549;IF-1353;IF-1903;IF-1035;IF-2510;IF-1469;MPG-44584;IF-1482;IF-2673;IF-12363;IF-1602;IF-7100388;IF-13268;IF-45781;IFS-15242;IF-2198;PG-44464;MPG-44493;IF-2261;IF-7125268;MPG-44585;IF-1994;IF-2190;IF-2272;PG-44478;CAT-14999;PG-44573;IF-2348;PG-44551;IF-12358;IF-2270;PG-44456;PG-44480;IF-1870;PG-44567;IF-2622;IF-1425;IFS-15392;IF-2262;IF-2660;PG-44579;IF-13265;IF-1867;IF-2222;IF-2355;IF-2271;IF-1676;IFS-15276;IFS-15384;IF-2046;IF-1457;IF-1266;IF-1486;IF-2193;IFS-15389;MPG-44411;IF-2216;IF-1864;IF-2200;IF-1473;IF-13246;IF-2203;CAT-6698971;IF-7207876;IF-1506;IF-1474;IF-2221;IF-2274;IF-2354;IF-2357;IF-1997;PG-44559;PG-7099782;IF-2189;IF-2211;IF-2248;IFS-15288;IF-1871;IF-2344;PG-44430;IF-1906;IF-9919;PG-44545;IF-2259;IF-1470;IF-1465;IF-1015;PG-44452;IFS-15279;IFS-15387;IF-1038;IF-1377;IF-1481;IF-2666;IF-2668;IF-1488;IF-13244;IF-1674;IF-1037;IF-2219;IF-1675;IF-1426;IF-1471;IF-2257;IF-6965738;IF-2186;IF-1868;IF-32590;IF-2365;MPG-167295;IFS-15290;IF-2194;IF-2235;PG-44472;CAT-44366;IF-2220;IF-2264;IF-1475;IF-1855;PG-44468;IF-2667;IF-1862;IF-1995;IF-2625;PG-44575;IF-2247;IF-1857;IF-1466;IFS-15385;IF-1464;IF-2201;IF-2260;IF-3085;IF-13280;IF-2430;IF-1866;IF-1376;IFS-15388;CAT-44367;IF-1865;IF-1672;IFS-15286;IF-2210;IF-2244;IF-1019;IF-1447;IF-1483;IF-3115;IF-1428;IF-12357;IFS-15277;IF-1603;IF-2360;IF-1902","PG-44460;PG-44432;MPG-44531;PG-44434;PG-44448;IF-3084;PG-44555;PG-44557;MPG-44487;PG-44454;PG-44440;CAT-44365;PG-44609;MPG-44488;PG-44547;PG-44549;MPG-44584;PG-44464;MPG-44493;MPG-44585;PG-44478;PG-44573;PG-44551;PG-44456;PG-44480;PG-44567;PG-44579;MPG-44411;PG-44559;PG-44430;PG-44545;PG-44452;PG-44472;CAT-44366;PG-44468;PG-44575;IF-3085"
"pho.asset.blid","Ballast Identification","",""
"pho.total_lamp_flux","Total Lamp Flux","SC-9314",""
"INTTILT","Internal tilt","IF-1684;IF-2093;IF-2097;IF-1663",""
"LMEFFPW_NOM","Luminous Efficacy (rated) (Nom)","MPG-27444;IF-587;IF-525;IF-517;IF-545;IF-528;PG-26542;IF-523;CAT-27442;IF-524;IF-548;IF-584;IF-586;IF-515;IF-530;IF-505;MPG-9857;IF-514;IF-512;IF-513;IF-571;IF-6600762;MPG-9858;IF-572;IF-520;IF-516;IF-521;IF-531;IF-518;IF-526","CAT-27442"
"CRINDEX_NOM","Color Rendering Index (Nom)","MPG-27444;MPG-9857;IF-505;MPG-9948;IF-569;MPG-9856;IF-547;IF-545;MPG-9858;MPG-9859;IF-568;PG-26542;FP-912400370129;IF-548;FP-820619226777;CAT-9326;FP-912401483241;FP-912401483242;FP-929000116903",""
"Indoor_PHO","Base Model","",""
"pho.power_consumption","Power Consumption","SC-9314",""
"DIAM","Diameter","IF-2518;CAT-316024;IF-61711;IF-2692;IF-2664;IF-2643;CAT-6730375;IF-3082;IF-2626;IF-2622;CAT-44365;IF-2589;IF-2107;IF-1600;IF-315122;IF-7177595;IF-3571630;IF-1672;IF-2681;IF-51772;IF-1409;IF-2625;IF-2648;IF-2641;FP-910503910182;IF-51778;CAT-44368;IF-32584;IF-1599;IF-2578;IF-1033;IF-61619;IF-1015;IF-2611;IF-2651;IF-2684;IF-2645;IF-2517;IF-2509;IF-2693;IF-2694;IF-2610;IF-6692424;IF-1271;IF-2644;IF-2576;CAT-44367;IF-1031;IF-2642;IF-5665774;CAT-44366",""
"OPTA","Optic type unit A","",""
"COLCONS","Color Consistency","CAT-9326;MPG-9948","MPG-9948"
"OPTB","Optic type unit B","",""
"PPFMAIN2K","PPF Maintenance 2000 h","PG-167294",""
"OPTC2","Optic type 2","",""
"phohou.accessory_name","Housing Accessory Name","SC-9314",""
"4941","Unit Description","",""
"LUMENFLUXS","Luminous Flux Setting(s)","IF-572;IF-6600762","IF-6600762"
"pho.ro_id","Referenced Optic ID","",""
"LUMENFLX90","Luminous Flux In 90° Cone (Rated)","IF-568;IF-539;MPG-9857;IF-585;IF-587;IF-571",""
"RGBGAMUT","RGB Gamut","",""
"BEAMDESCR","Beam Description","IF-540;IF-528;IF-542;IF-585;FP-929689151502;IF-568;IF-547;IF-587;IF-539;IF-545",""
"LUMFLUXSRAT","Luminous Flux (Rated) Setting(s)","IF-6600762;IF-572","IF-6600762"
"LUMINT_MAX","Luminous Intensity (Max)","IF-542;IF-539;IF-541;IF-568;IF-540;CAT-9326;IF-569;MPG-9856;MPG-9857;IF-547",""
"DEPR500","UV Depreciation at 500 h","IF-545",""
"pho.asset.shc","Max space to height ratio C","",""
"pho.asset.txtf","Full description","",""
"ETIM Feature ID","ETIM Feature ID","",""
"LMAIN10US","Lumen Maintenance - 10% Life","IF-538;IF-543",""
"pho.input_voltage","Lamp Input Voltage","SC-9314",""
"HOUSCONF","Housing configuration","IF-1903;IF-2221;IF-3111;IF-1506;IF-1492;IF-2354;IF-2375;IF-6568878;IF-1194;IF-2189;IF-1444;IF-1136;IF-1321;IF-2369;IF-2222;IF-1248;IF-2236;IF-2365;IF-2363;IF-1415;IF-2335;IF-13280;IF-2074;IF-2356;IF-2235;IF-2210;IF-61690;IF-2220;IF-2244;IF-2265;IF-1447;IF-2249;IF-1486;IF-32594;IF-2374;CAT-316024;IF-2272;IF-1198;IF-3115;IF-12358;IF-32585;IF-2255;IF-2258;IF-2028;IF-3079;IF-2200;IF-2261",""
"pho.correction_factor","Correction Factor","SC-9314",""
"LAMPHLDR","Lamp holder","IF-2888;IF-2377;IF-2082;IF-1017;MPG-14998;IF-2889;CAT-316024;IF-2886;IF-1018",""
"LLMF8000","LLMF 8000 h Rated","IF-523;IF-520;IF-514;IF-541;IF-513;IF-536;IF-528;IF-525;IF-529;IF-517",""
"pho.asset.shl","Max space to height ratio L","",""
"LUMENFLUX_MAX","Luminous Flux (Max)","IF-568;IF-547;IF-545;CAT-9326;MPG-9856;PG-26542;IF-548;MPG-9859;CAT-9324;MPG-9857;MPG-9858;IF-505;MPG-27444;IF-569",""
"LUMINT_MIN","Luminous Intensity (Min)","MPG-9856;IF-547;IF-540;IF-541;IF-539;IF-568;IF-542;MPG-9857;CAT-9326;IF-569",""
"xUCDM_Attribute_Rank","xUCDM_Attribute_Rank","",""
"PHOTONFLUX","Photon Flux","PG-9455;CAT-9323","CAT-9323"
"LUMFLPRIMR","Luminous Flux In Primary Red","",""
"LUMINT_NOM","Luminous Intensity (Nom)","IF-539;MPG-9857;IF-547;IF-541;IF-542;IF-571;IF-540;IF-568;MPG-9856;CAT-9326;IF-569","IF-571"
"OPTEFF","Optical Efficiency","IF-581",""
"SPR","Scotopic/photopic lumen ratio","IF-1154;IF-1187;IF-12357;IF-1143;IF-1084;IF-1036;IF-1152;IF-1087;PG-44543;IF-1249;IF-13280;IF-1155;IF-1144;IF-13265;IF-1151;IF-1171;IF-3098;IF-3099;IF-1253;IF-1047;IF-2081;IF-1251;IF-7007820;IF-6963622;IF-1188;IF-1150;IF-1226;IF-1165;IF-1048;IF-1252;IF-2080;IF-1107;IF-1038;PG-44551;IF-1244;PG-44555;IF-1149;IF-1046;IF-1035;IF-3114;IF-1227;IF-1169;IF-1170;IF-3100;IF-1156;IF-1145;IF-1254;IF-1248;IF-1147",""
"pho.asset.ciecode","CIE Fluxcode","",""
"pho.asset.laflux","Lamp flux","",""
"phoopt.geometric_type","Optical Geometric Type","IF-2079;SC-9314;IF-1492;IF-1147;IF-1164;IF-1129;IF-1854;IF-1331;IF-32598;IF-1684;IF-3084;IF-1629;IF-1005;IF-2273;IF-1512;IF-1326;IF-1468;IF-1561;IF-3099;IF-2255;IF-2144;IF-1472;IF-1269;IF-1876;IF-1193;IF-2178;IF-2102;IF-1378;IF-2025;IF-1933;IF-1623;IF-2195;IF-2094;IF-3100;IF-2253;IF-2098;IF-2191;IF-32584;IF-2050;IF-2429;IF-1252;IF-1510;IF-32579;IF-1487;IF-2135;IF-1122;IF-1317;IF-1048;IF-2229;IF-1422;IF-2333;IF-1021;IF-1647;IF-1191;IF-1856;IF-1873;IF-1198;IF-2082;IF-1675;IF-2110;IF-1169;IF-1897;IF-1921;IF-2249;IF-3112;IF-1644;IF-2166;IF-2217;IF-1011;IF-1558;IF-2028;IF-12357;IF-13265;IF-2372;IF-1375;IF-1192;IF-1868;IF-1226;IF-1261;IF-1180;IF-6975094;IF-32578;IF-1087;IF-1195;IF-2365;IF-2220;IF-2021;IF-2153;IF-3080;IF-1047;IF-6473048;IF-2080;IF-1325;IF-1057;IF-2042;IF-61617;IF-61619;IF-2363;IF-2143;IF-2114;IF-1264;IF-2347;IF-1353;IF-13268;IF-1863;IF-1162;IF-1527;IF-1227;IF-1128;IF-1861;IF-2140;IF-3087;IF-1931;IF-2245;IF-61627;IF-1267;IF-1270;IF-2092;IF-2198;IF-1919;IF-1190;IF-2149;IF-1170;IF-1311;IF-3096;IF-1243;IF-1149;IF-1415;IF-1107;IF-1482;IF-1932;IF-1469;IF-1663;IF-1237;IF-49754;IF-1017;IF-2091;IF-2356;IF-1989;IF-1151;IF-61628;IF-2261;IF-1615;IF-1183;IF-2016;IF-1106;IF-1419;IF-1903;IF-2348;IF-2190;IF-1352;IF-12358;IF-2270;IF-1157;IF-1132;IF-2258;IF-2332;IF-2206;IF-1423;IF-2105;IF-2088;IF-1315;IF-1511;IF-1155;IF-1646;IF-2265;IF-12361;IF-1898;IF-2338;IF-1171;IF-2369;IF-1579;IF-2165;IF-2069;IF-2272;IF-2355;IF-32585;IF-2073;IF-1924;IF-3098;IF-1316;IF-1266;IF-1035;IF-2381;IF-2093;IF-1420;IF-1409;IF-1098;IF-1525;IF-6965735;IF-1870;IF-6692424;IF-1022;IF-1486;IF-1925;IF-2177;IF-1320;IF-9923;IF-2189;IF-1877;IF-2203;IF-2211;IF-3107;IF-1130;IF-1250;IF-1150;IF-2084;IF-1103;IF-32580;IF-1506;IF-32594;IF-1318;IF-1509;IF-13246;IF-1864;IF-1473;IF-1457;IF-2200;IF-2357;IF-1242;IF-2066;IF-2248;IF-3109;IF-2193;IF-2228;IF-2048;IF-2216;IF-1676;IF-1118;IF-7150974;IF-3104;IF-1043;IF-1314;IF-9921;IF-1474;IF-2099;IF-1020;IF-1024;IF-1528;IF-2344;IF-1253;IF-1015;IF-2064;IF-1355;IF-1871;IF-2221;IF-2425;IF-1053;IF-1920;IF-2133;IF-2075;IF-1470;IF-1559;IF-2374;IF-1186;IF-1377;IF-6963622;IF-1187;IF-2074;IF-2095;IF-2055;IF-1152;IF-2030;IF-1413;IF-2236;IF-2085;IF-2100;IF-1154;IF-1188;IF-2081;IF-2259;IF-9922;IF-2427;IF-1104;IF-1319;IF-1906;IF-2146;IF-1679;IF-2247;IF-1313;IF-1244;IF-2164;IF-2233;IF-1930;IF-2078;IF-1037;IF-3110;IF-1914;IF-1329;IF-2276;IF-32599;IF-2027;IF-1259;IF-1488;IF-2337;IF-3105;IF-1321;IF-1875;IF-49752;IF-1376;IF-1127;IF-1121;IF-1862;IF-1855;IF-2335;IF-1923;IF-2385;IF-3097;IF-2106;IF-1003;IF-2020;IF-3079;IF-2377;IF-1156;IF-1926;IF-1922;IF-2065;IF-2194;IF-3085;IF-1857;IF-3108;IF-1475;IF-1899;IF-1927;IF-3114;IF-1194;IF-1181;IF-9916;IF-1560;IF-2386;IF-2244;IF-1119;IF-32600;IF-1189;IF-1672;IF-1179;IF-1163;IF-2072;IF-1865;IF-1866;IF-1056;IF-2201;IF-1822;IF-1145;IF-2375;IF-2161;IF-1251;IF-1197;IF-2083;IF-2008;IF-1330;IF-1143;IF-2339;IF-1867;IF-1133;IF-2046;IF-1060;IF-3078;IF-2274;IF-2222;IF-1084;IF-1387;IF-1908;IF-2271;IF-2210;IF-1228;IF-2097;IF-2383;IF-2387;IF-2154;IF-2087;IF-3103;IF-2086;IF-1902;IF-1483;IF-1144;IF-1040",""
"phoopt.surface76","Surface 76","IF-2355;IF-1147;IF-1171;IF-1492;IF-2073;IF-1164;IF-1331;IF-2079;IF-1005;IF-2093;IF-1420;IF-1022;SC-9314;IF-1193;IF-3107;IF-1250;IF-1150;IF-2191;IF-2084;IF-2094;IF-1130;IF-32580;IF-1048;IF-1242;IF-1252;IF-32579;IF-1122;IF-1422;IF-3109;IF-1021;IF-1191;IF-1314;IF-2082;IF-1253;IF-2064;IF-1020;IF-1169;IF-3100;IF-1015;IF-2074;IF-13265;IF-1011;IF-1187;IF-1226;IF-2095;IF-1152;IF-1192;IF-32578;IF-1024;IF-2081;IF-1188;IF-2085;IF-3104;IF-1154;IF-6963622;IF-2080;IF-2153;IF-61617;IF-1017;IF-2078;IF-1047;IF-2347;IF-1162;IF-1128;IF-1227;IF-3105;IF-1329;IF-3110;IF-1931;IF-1237;IF-1127;IF-1121;IF-49752;IF-3096;IF-1170;IF-2198;IF-3097;IF-1003;IF-1107;IF-2377;IF-1190;IF-2092;IF-1149;IF-2065;IF-3114;IF-3108;IF-1419;IF-1157;IF-1163;IF-1251;IF-2083;IF-1132;IF-1189;IF-1143;IF-1423;IF-1330;IF-6965735;IF-1315;IF-1387;IF-1084;IF-1228;IF-2097;IF-2086;IF-2087;IF-2154;IF-1144;IF-1151;IF-3103",""
"xUCDM_CSChapterGroupID","xUCDM_CSChapterGroupID","",""
"LOR","Light output ratio","IF-1925;IF-2332;IF-2666;IF-2178;IF-1629;IF-2668;IF-2147;IF-1320;IF-2186;IF-2337;PG-44561;IF-1632;IF-1316;IF-2054;IF-2146;IF-2177;IF-2069;IF-1561;IF-1596;IF-1597;IF-1583;IF-2144;IF-2347;IF-2006;IF-2102;IF-2333;IF-1922;PG-6861156;IF-2235;IF-1932;IF-2066;IF-2233;IF-2191;IF-1317;IF-2271;IF-2274;IF-2273;IF-1587;IF-1018;IF-1924;IF-2354;IF-2201;IF-1482;IF-1481;IF-2377;IF-1899;IF-1903;IF-2161;IF-1927;IF-1585;IF-1647;IF-2089;IF-2346;IF-2248;IF-1919;IF-2189;IF-1376;IF-1318;IF-1921;IF-2335;IF-1926;IF-2253;IF-1897;IF-2221;IF-6965739;IF-2190;IF-1898;IF-2249;IF-2338;IF-1595;IF-1375;IF-1319;IF-2348;IF-1645;IF-1646;IF-2339;CAT-316024;IF-2244;IF-2226;IF-1377;IF-2101;PG-7097420",""
"LAMPFLUX","Lamp flux","",""
"SO-CTTD25_MIN","Color Temperature (SO) (Min)","IF-548",""
"LUMFLPRIMG","Luminous Flux In Primary Green","",""
"TRUNKLGTH","Trunking length","IF-1825;IF-1824;IF-2372;IF-2377;IF-1243;IF-1017;IF-2374;IF-1021;IF-2376;IF-1020;IF-1024;IF-6555278;IF-1022;IF-1016",""
"pho.asset.ptyp","Measuring System","",""
"LLMF30000","LLMF 30000 h Rated","IF-536",""
"phohou.accessory_pfc","Housing Accessory PFC","SC-9314",""
"CANDELA","On-axis intensity in candela","MPG-6861829;MPG-167295",""
"LUMFLPRIMB","Luminous Flux In Primary Blue","",""
"ASYBEAM","Asymmetric beam angle","FP-929689151502;IF-2050;IF-6963622;IF-1252;IF-1048;IF-1250;IF-2114;IF-2055;IF-1933;IF-1150;IF-1930;CAT-316024;IF-1931",""
"LMAIN10000_MIN","Lumen Maintenance 10000 h (Min)","IF-543;IF-518;IF-516;IF-536;IF-526;IF-517;IF-522;IF-537;IF-515;IF-544;IF-523;IF-524;IF-531;IF-521",""
"phg.measurements","Measurement files and Drawing Models to be generated","SC-9314",""
"LMAIN2000_MAX","Lumen Maintenance 2000 h (Max)","IF-531;IF-61693;IF-516;IF-535;MPG-9858;IF-517;IF-526;MPG-9857;IF-523;IF-530;IF-522;IF-512;IF-521;IF-515;IF-524;IF-518",""
"pho.obsolete_status","Obsolete Status","SC-9314",""
"LMAIN2000_NOM","Lumen Maintenance 2000 h (Nom)","IF-517;IF-61693;MPG-9857;IF-535;IF-516;IF-531;IF-526;MPG-9858;IF-523;IF-530;IF-522;IF-518;IF-521;IF-524;IF-515;IF-512",""
"LMAIN4000_NOM","Lumen Maintenance 4000 h (Nom)","IF-537;IF-541;IF-536;IF-539;IF-535",""
"AVEAMTEMP","Average ambient temperature","PG-44460;IF-12361;IF-1060;IF-1409;IF-1143;IFS-15276;IF-12357;PG-6914350;PG-6908520;IFS-15384;IF-2273;IFS-15391;PG-6744834;IF-1155;IF-1035;IF-1084;IF-32585;IF-1144;IF-1908;PG-44567;IF-1444;IF-3099;IF-1251;IF-2050;IF-3098;IF-45779;IF-3083;IF-2081;IF-1933;IF-1623;IF-1053;IF-1250;IF-6960802;IFS-15288;IF-2025;IF-1103;IF-1165;PG-44448;IFS-15287;PG-44434;IF-1492;IF-1171;IF-1150;IF-1465;IF-2048;IF-3100;PG-44430;IF-2028;IF-1226;IF-1038;IFS-15279;IF-32593;IF-1252;IF-1164;IF-1253;IF-3084;IF-1043;PG-44452;IF-32584;IF-1048;IF-9919;PG-6744832;IF-32594;IF-1309;IF-1920;PG-44543;IF-6963622;IF-32590;IF-2021;IFS-15278;PG-44555;CAT-316024;IF-1046;IF-7007820;IF-1248;IF-9921;IF-1254;IFS-15290;IF-1169;IF-45781;IF-1313;PG-44609;IF-1264;IF-13268;IF-1152;IF-12363;PG-44472;IF-1187;IF-2153;IF-3081;IF-13265;IF-1057;IF-1930;IF-2114;IF-1413;IF-1260;IF-9916;PG-6775407;IF-1249;IF-1914;IF-1087;CAT-44365;IFS-15385;IF-1072;IF-1047;IF-3085;IF-3079;IF-1931;IF-2080;IF-1107;IF-61619;IF-1127;IF-1071;CAT-44366;IFS-15286;MPG-6861829;IF-1188;IF-1415;IF-2027;IFS-15388;PG-7146660;PG-44464;IF-2091;PG-6699025;IF-1170;IF-9918;IF-1181;IF-3115;PG-44456;IF-9920;IF-1183;PG-44551;IF-2020;IF-13280;IFS-15277;IF-1056;IF-1244;IF-61690;IF-12358;IF-1466;PG-44422;IF-1151;IF-3114;IF-1227;IF-1040;IF-1147;IF-6908553;IF-1149;IF-1179;IF-2046;PG-44480;IF-12372;PG-6961180;IF-1154;IF-1145;IF-2274;IF-1156;PG-6765102",""
"phohou.geometric_type","Housing Geometric Type","SC-9314",""
"pho.diameter","Object Diameter","SC-9314",""
"LMAIN10000_MAX","Lumen Maintenance 10000 h (Max)","IF-543;IF-517;IF-516;IF-536;IF-523;IF-518;IF-521;IF-544;IF-537;IF-526;IF-515;IF-524;IF-522;IF-531",""
"CVRSHAPE","Optical cover/lens shape","IF-32596;IF-1084;IF-1144;PG-44555;IF-1254;IF-1087;IF-13280;IF-1155;IF-1143;IF-1227;IF-1151;IF-1046;IF-12357;CAT-44366;IF-1036;IF-1154;IF-2081;IF-1253;IF-2078;IF-3098;IF-1171;IF-1152;IF-6963622;IF-1187;IF-13268;CAT-6698971;IF-2079;PG-44543;IF-1188;IF-3099;IF-1244;IF-13265;IF-1048;IF-1252;CAT-316024;IF-1251;IF-7007820;IF-6965739;IF-2083;IF-1107;IF-1226;IF-2080;IF-1038;IF-1145;IF-6965738;IF-1248;IF-1165;IF-3100;IF-1035;IF-1249;IF-1156;IF-1169;IFS-15392;IF-1149;IF-1147;PG-44551;IF-7207876;IF-6960802;IF-1170;IF-1150;IF-3114","PG-44555;CAT-44366;IF-1253;IF-3098;PG-44543;IF-1244;IF-1226;IF-1165;PG-44551"
"LMAIN4000_MAX","Lumen Maintenance 4000 h (Max)","",""
"pho.asset.lamp","Commercial Lamp Name","",""
"PPFMAIN4K","PPF Maintenance 4000 h","PG-167294",""
"LMAIN4000_MIN","Lumen Maintenance 4000 h (Min)","IF-541;IF-537;IF-536;IF-539;IF-535",""
"BEAMANGLMP_NOM","Beam Angle (Nom)","IF-568;IF-547;IF-585;IF-587;CAT-9326;MPG-9857;IF-571;IF-505;IF-502;IF-503;IF-540;IF-541;IF-539;IF-542","IF-568;IF-585;IF-587;IF-571"
"phoopt.accessory_name","Optic Accessory Name","IF-1057;IF-1264;IF-1492;IF-1015;IF-2344;IF-2355;IF-61628;IF-2347;IF-2337;IF-1920;IF-1672;IF-2093;SC-9314;IF-1931;IF-13268;IF-2375;IF-12358;IF-1486;IF-2372;IF-2338;IF-1378;IF-13265;IF-2374;IF-1914;IF-1923;IF-2335;IF-2084;IF-2094;IF-1311;IF-1903;IF-1017;IF-1676;IF-2377;IF-2339;IF-1457",""
"pho.asset.family","Family","",""
"R9","Saturated Red","IF-543",""
"PPFMAIN5K","PPF Maintenance 5000 h","PG-167294",""
"PPFMAIN12K","PPF Maintenance 12000 h","PG-167294",""
"LUMPOS","Luminaire position","IF-1663",""
"COLLAMP","Light source color","IF-1423;IF-2270;IF-2382;IF-12372;PG-44460;IF-2353;IF-1630;IF-2051;IF-12361;IF-2000;IF-2273;IF-1331;IF-1631;IF-2229;IF-2268;IF-1489;IF-1993;IF-2050;PG-44434;IF-2094;IF-2079;IF-1933;PG-6744832;IF-6960802;IF-1386;PG-44432;PG-44448;IF-1524;IF-1005;IF-1623;PG-7146660;IF-2082;IF-1869;IF-1043;IFS-15391;IF-1422;IF-32584;IF-1264;IFS-15287;IF-1378;IF-6965738;PG-6709955;CAT-316024;IF-6965739;IF-3102;IF-1492;IF-2055;IFS-15278;MPG-6993641;PG-44543;PG-44555;IF-2369;IF-2095;IF-2427;IFS-15381;IF-2074;MPG-167295;IF-2230;PG-44609;IF-1372;PG-6699025;IF-1424;IF-1325;IF-2363;PG-44563;IF-3082;CAT-6702460;FP-929000116903;CAT-44365;IF-1663;IF-2153;IF-1421;IF-2347;CAT-6698971;IF-1413;IF-1507;IFS-10780;IF-2356;IF-1057;PG-44440;IF-2048;IF-1311;IF-1469;IF-1039;IF-13268;PG-44464;IF-1482;PG-44422;IF-61619;IF-1931;IF-1932;IF-12363;IF-2092;IF-1017;IF-2384;IF-2091;IF-45781;IF-1415;IF-1352;IF-2231;IF-1903;IFS-15242;IF-1419;IF-2080;PG-44551;PG-44456;IF-1874;PG-44480;IF-2049;IF-12358;IF-2226;IF-1330;IF-1179;PG-44567;IF-1374;IF-2381;IF-2097;PG-44418;IF-2232;IF-1442;IF-1870;IF-2359;IFS-15392;IF-2383;IF-1409;IF-2355;IF-1509;IF-13265;IF-1486;IFS-15389;IF-1387;IF-1420;PG-44468;IF-1266;IFS-15384;IF-2228;IF-1040;IF-6963150;IF-32585;IF-1924;IF-1622;IF-1908;IF-1506;IF-2274;IF-2154;IF-2084;IF-2342;PG-44559;IF-1310;IF-1312;IF-2357;PG-44547;IFS-15288;PG-44476;IFS-15276;IF-1314;IF-1465;IF-1015;PG-44452;IF-2003;IF-1920;IF-2064;IF-9919;IFS-15387;IFS-15279;IF-2354;IF-13246;IF-1495;PG-44430;IF-2227;IF-2343;IF-1309;IF-2352;PG-44438;MPG-6861829;IFS-15290;MPG-44534;IF-1494;IF-2365;IF-1914;CAT-44366;IF-2065;IF-2379;IF-2378;PG-7100902;IF-2380;IF-1930;IF-3081;IF-1329;PG-44472;IF-2385;IF-13244;IF-2233;IF-2335;IFS-15286;IF-13280;IF-1327;IFS-15385;IF-1480;IF-1466;IF-1321;IF-12357;IF-2375;IF-1003;IF-1923;IF-1313;IFS-15388;IF-2387;IF-1444;IF-9918;PG-7144779;IF-2339;PG-44446;IFS-15277;IF-2386;IF-7207876;IF-2078","PG-44460;PG-44434;PG-44432;PG-44448;PG-44543;PG-44555;PG-44609;PG-44563;IF-3082;CAT-44365;PG-44440;PG-44464;PG-44422;IF-1415;PG-44551;PG-44456;PG-44480;PG-44567;PG-44418;PG-44468;PG-44559;PG-44547;PG-44476;PG-44452;PG-44430;PG-44438;MPG-44534;CAT-44366;PG-44472;PG-44446"
"phg.characteristics","PHO Naming Characteristics","SC-9314",""
"EcoPP Attribute Rank","EcoPP Attribute Rank","",""
"CORTEMPS","Correlated Color Temperature Setting(s)","IF-572;IF-6600762;IF-571","IF-6600762"
"SO-CCXD25_MAX","Chromaticity Coordinate X (SO) (Max)","IF-548",""
"SO-CCXD25_MIN","Chromaticity Coordinate X (SO) (Min)","IF-548",""
"pho.color_temperature","Lamp Color Temperature","SC-9314",""
"pho.asset.brand","Brand","",""
"phoopt.accessory_pfc","Optic Accessory PFC","SC-9314",""
"pho.asset.txts","Short description","",""
"LUMENNODE","Light source flux per node","IF-13271",""
"LUMA","Luminance","IF-518;IF-516;IF-524;IF-531;IF-537;IF-536;IF-528;IF-517;IF-526;IF-544",""
"DECOACC","Decorative accessories","IF-2636;IF-7166080;IF-2510;IF-1127;IF-1486;IF-2509;IF-2504;IF-2637;IF-2616;IF-1386;MPG-44489;IF-2643;MPG-44586;IF-1415;IF-1565;IF-2613;IF-1031;IF-2683;IF-1057;IF-1048;IF-2517;IF-32585;IF-1033;IF-2503;IF-2507;IF-2518;IF-1564;IF-2505;IF-1469;IF-2499;IF-1666655;CAT-316024;IF-2648;IF-1378",""
"SOLMEFD25_MIN","Luminous Efficacy (SO) (Min)","IF-548",""
"CRINDEX4H_NOM","Color Rendering Index at 4h (Nom)","MPG-9858;IF-548",""
"pho.lamp_status","Lamp status","SC-9314",""
"LMNCNODE","Luminance per node","IF-13271",""
"COLCON0H","Color Consistency Initial","IF-505;PG-26542",""
"pho.obsolete_since","Obsolete Since","SC-9314",""
"UGR","Unified glare rating CEN","PG-44464;PG-7097422;PG-7100898;PG-44458;CAT-316024;PG-44462;PG-44460;PG-44422;PG-44466;PG-44468;PG-44608;PG-7141621;PG-7100902;PG-44420;PG-44446;PG-44448;PG-44450;PG-44452;PG-44609;PG-44436;PG-44438;PG-44440","PG-44464;PG-44458;PG-44462;PG-44460;PG-44422;PG-44466;PG-44468;PG-44608;PG-44420;PG-44446;PG-44448;PG-44450;PG-44452;PG-44609;PG-44436;PG-44438;PG-44440"
"OPTVIEW","Optimal Viewing Range","",""
"BULBFIN","Bulb Finish","IF-1681;IF-528;IF-2086;CAT-9325;MPG-9858;IF-521;IF-572;IF-1321;IF-2073;IF-6600762;IF-547;IF-1684;IF-545;IF-571;IF-1615",""
"LUMOLD","Luminance (Per OLED)","",""
"WAVEL_NOM","Wavelength (Nom)","PG-9455",""
"FLXOLD","Luminous Flux (All OLEDs)","",""
"pho.asset.famcod","Family code","",""
"phoopt.surface85","Surface 85","IF-2079;IF-1313;IF-1147;IF-6473048;IF-2355;IF-61617;IF-1244;IF-1164;IF-1930;IF-1017;IF-1331;IF-2078;IF-1035;IF-1420;IF-3110;IF-2093;IF-1022;IF-1329;IF-13268;IF-1128;IF-6965735;SC-9314;IF-1378;IF-1193;IF-1237;IF-1127;IF-1933;IF-3107;IF-1931;IF-1121;IF-49752;IF-3100;IF-1130;IF-1190;IF-1103;IF-1311;IF-13246;IF-1170;IF-3097;IF-1003;IF-1048;IF-3096;IF-1242;IF-1252;IF-32579;IF-1107;IF-2065;IF-1422;IF-3109;IF-1325;IF-1457;IF-3114;IF-1021;IF-1191;IF-1151;IF-3108;IF-1615;IF-2064;IF-1419;IF-1314;IF-1024;IF-1020;IF-1352;IF-1169;IF-1015;IF-1251;IF-12358;IF-1157;IF-1132;IF-1189;IF-1330;IF-13265;IF-1186;IF-1423;IF-1011;IF-1387;IF-1187;IF-1226;IF-1315;IF-1084;IF-1192;IF-1228;IF-32578;IF-2154;IF-3103;IF-1144",""
"SO-CCXD25_NOM","Chromaticity Coordinate X (SO) (Nom)","IF-548",""
"LMAIN8000","Lumen Maintenance 8000 h","IF-535;IF-539;IF-541;IF-543;IF-537",""
"CRINDEX20H_NOM","Color Rendering Index at 20h (Nom)","MPG-9858;IF-548",""
"LMAIN1500","Lumen Maintenance 1500 h","IF-536",""
"pho.asset.optl1","Optical length first axis","",""
"ETIM.V6.Description","ETIM.V6.Description","",""
"HOUSCONF2","Housing configuration 2","IF-2220;IF-2274;IF-2265;IF-2355;IF-2369;IF-2356;IF-2255;IF-2203;IF-2206",""
"pho.asset.geol1","Length first axis","",""
"CCY_NOM","Chromaticity Coordinate Y (Nom)","CAT-9325;IF-548;MPG-9858;CAT-9324;MPG-9857;MPG-9859;IF-545",""
"SO-CCYD25_MIN","Chromaticity Coordinate Y (SO) (Min)","IF-548",""
"ETIM.V6.ID","ETIM.V6.ID","",""
"CCY_MAX","Chromaticity Coordinate Y (Max)","IF-548;MPG-9858;MPG-9857;MPG-9859;IF-545;CAT-9325;CAT-9324",""
"SO-CCYD25_NOM","Chromaticity Coordinate Y (SO) (Nom)","IF-548",""
"MECHACC","Mechanical accessories","IF-1590;IF-51789;IF-2509;IF-2662;IF-2664;IF-2273;IF-2550;IF-2498;IF-2538;IF-1033;IF-2504;IF-2099835;IF-2194;IF-1149;IF-1930;IF-2660;IF-1192;IF-2604;IF-2034;PG-6732357;IF-2274;MPG-6732332;IF-3109;IF-2587;IF-51792;IF-1933;IF-2555;IF-51770;IF-2195;IF-2629;IF-3110;IF-2650;FP-910403219703;IF-1931;IF-1663;IF-3107;IF-2505;IF-2641;IF-2377;IF-1420;IF-2556;IF-1242;IF-51774;IF-1190;IF-2510;IF-2248;IF-2529;IF-1250;IF-1823;IF-2512;IF-2627;IF-2344;IF-1422;IF-51775;IF-3108;IF-51771;IF-2430;IF-2615;IF-1189;MPG-44492;IF-2607;FP-912401451733;IF-6860204;IF-2375;IF-2646;IF-1822;CAT-316024;IF-2606;IF-2658;IF-1031;IF-3090;IF-2653;IF-2270;FP-910925864214;FP-910925864216;IF-1032;IF-2428;FP-910925864215;IF-1423;PG-44524;IF-2547;IF-32590;IF-1595;IF-2642;IF-3091;IF-1419;IF-2603;IF-2674;IF-2661;IF-1048;IF-1191;IF-2558;IF-2501;IF-2543;IF-2499",""
"SO-CCYD25_MAX","Chromaticity Coordinate Y (SO) (Max)","IF-548",""
"CCY_MIN","Chromaticity Coordinate Y (Min)","MPG-9859;IF-548;MPG-9858;IF-545;CAT-9324;CAT-9325;MPG-9857",""
"LITLEN","Lit length","",""
"CRI60","CRI @ ±60% power","",""
"AttributeID_Name","AttributeID_Name (English)","",""
"OPTC","Optic type outdoor","IF-1326;IF-2147;IF-1147;IF-1129;IF-1164;IF-1315;IF-3099;IF-2088;IF-1193;IF-1933;IF-1378;IF-2102;IF-2050;IF-3100;IF-2144;IF-1252;IF-32579;IF-1684;IF-1422;IF-1122;IF-1331;IF-1631;IF-2094;IF-1647;IF-1191;IF-1623;PG-7097418;IF-1169;IF-1897;IF-1921;IF-3112;IF-2079;IF-1644;IF-2098;PG-44577;IFS-15391;IF-1375;IF-2101;IF-2082;IF-1192;IF-1226;IF-6965739;IF-2081;IF-32578;IF-6965738;IF-3102;IF-6960802;IF-1038;IF-61617;IF-2095;PG-6699025;IF-2074;IF-2114;PG-44555;IF-2100;MPG-167295;IF-1162;IF-2146;IF-1150;IF-1227;CAT-44366;PG-44557;IF-1170;IF-2153;IF-1931;IF-1325;CAT-6698971;IF-1919;IF-1663;IF-1190;IF-3096;IF-1149;PG-44543;IF-1107;IF-1932;IFS-10780;IF-1046;IF-1237;IF-1151;IF-13268;IF-1311;IF-1419;IF-2092;IF-2091;CAT-316024;IF-1157;IF-1035;IF-1132;IF-1352;IFS-15242;IF-1423;IF-1047;IF-2080;IF-1155;IF-1646;PG-44551;IF-12358;IF-1898;IF-1171;PG-44567;IF-1924;IF-3098;IFS-15392;IF-2097;IF-1420;IF-1925;IF-1330;IF-13265;IF-1250;IF-2069;IF-3107;IFS-15389;IF-2154;IF-2073;IF-2066;IF-32580;IF-2093;IF-2048;IF-1242;IF-1118;IF-3109;IF-3104;IF-1310;IF-32581;IF-1312;PG-44559;IF-1253;IF-2084;IF-1920;PG-44547;IF-1314;IF-1128;MPG-6861829;IF-2099;IF-1465;IF-1377;IF-2085;IF-2055;IF-6963622;IF-1152;IF-2064;IF-1154;IF-1188;IFS-15387;IF-1187;IF-1679;IF-13246;IF-2075;IF-2151;IF-1309;IF-13244;IF-1244;IF-2141;IF-1930;IF-3110;IF-1048;IF-32596;IF-3105;IF-1087;IF-49752;IF-2065;IF-1376;IF-1127;IF-1254;IF-1923;IF-3097;IF-1156;IF-1329;IF-1922;IF-1926;IF-3108;IF-1927;IF-1899;IF-3114;IF-2078;IF-2072;IF-9916;IF-1327;IF-2161;IF-13280;IF-1321;IF-1466;IF-1119;IF-12357;IF-2083;IF-1003;IF-1189;IF-1163;IF-1313;IF-1251;IFS-15388;IF-2008;IF-1145;IF-9920;IF-1143;IF-1133;IF-2087;IF-6965735;IF-2086;IF-1084;IF-1387;IF-1228;IF-3103;IF-1144","IF-1164;IF-1226;IF-61617;PG-44555;CAT-44366;PG-44551;IF-3098;IF-3104;PG-44559;IF-1253;PG-44547;IF-1244;IF-1127"
"LLMFENDL_NOM","LLMF At End Of Nominal Lifetime (Nom)","MPG-9948;IF-569;CAT-9326;IF-539;MPG-9856;MPG-9857;IF-568","MPG-9948"
"CCX_NOM","Chromaticity Coordinate X (Nom)","MPG-9858;MPG-9859;IF-548;MPG-9857;IF-545;CAT-9325;CAT-9324",""
"LAMPFAM","Lamp family code","PG-6732347;CAT-44366;IFS-15278;FP-910403630325;COMF-2846;CAT-6702460;IFS-15392;IF-1576;IFS-15290;IF-1594;IF-13265;IFS-15389;IF-7100388;IF-6963150;IF-1600;IFS-15384;MPG-6861829;CAT-6698971;IF-12372;IF-12361;IF-7125175;IFS-10780;PG-44501;IF-13244;IF-2556;IF-7207876;CAT-44365;IFS-15286;IF-13280;IF-13268;IFS-15385;IF-1466;IF-6960802;IF-12357;IF-12363;IF-2607;IFS-15288;IF-1032;IFS-15388;IFS-15276;IFS-15391;IF-1581;IFS-15242;IF-1465;IF-3091;IFS-15287;IFS-15277;IF-9919;IFS-15387;IF-1580;IF-6965738;IFS-15279;IF-6965739;IF-13246;IF-12358;CAT-316024","CAT-44366"
"CCX_MAX","Chromaticity Coordinate X (Max)","MPG-9857;IF-545;CAT-9325;IF-548;CAT-9324;MPG-9858;MPG-9859",""
"ETIM.V6.Feature.ID","ETIM.V6.Feature.ID","",""
"CCX_MIN","Chromaticity Coordinate X (Min)","CAT-9324;IF-545;CAT-9325;MPG-9858;MPG-9857;IF-548;MPG-9859",""
"LLMF4000","LLMF 4000 h Rated","IF-520;IF-541;IF-517;IF-525;IF-536;IF-513;IF-514;IF-529;IF-528;IF-523",""
"GEAR","Gear","PG-6857908;PG-44438;PG-7141621;IF-1353;IF-2666;PG-6869112;IF-1632;PG-7100900;IF-2177;IF-2668;PG-44557;PG-44545;IF-1630;IF-1375;PG-44416;PG-44454;PG-6744830;IF-1457;IF-3158116;CAT-44366;PG-6861156;PG-44561;PG-6857700;CAT-44365;PG-44549;PG-7100902;IF-2042;IF-2164;PG-7097422;PG-44420;PG-44470;CAT-316024;PG-7099782;PG-44432;PG-7100892;PG-44462;PG-44466;PG-44450;PG-44478;PG-7100894;PG-44458;IF-1615;PG-44446;PG-44573;IF-2348;PG-6861934;PG-44553;PG-7097420;IF-1376;IF-1428","PG-44438;PG-44557;PG-44545;PG-44416;PG-44454;PG-44561;PG-44549;PG-44420;PG-44470;PG-44432;PG-44462;PG-44466;PG-44450;PG-44478;PG-44458;PG-44446;PG-44573;PG-44553"
"ETIM.V6.Sort.Number","ETIM.V6.Sort.Number","",""
"pho.asset.vba","Visual beam angle","",""
"OPTACC","Optic accessory type","IF-2355;IF-1598;IF-1486;IF-2347;IF-1585;IF-51771;IF-1588;CAT-316024;IF-2375;IF-1575;IF-1565;IF-2337;IF-1593;IF-2569;IF-2374;IF-1583;IF-1018;IF-51770;IF-1584;IF-2661;IF-1019;IF-1607;IF-1017;IF-2377;IF-1569;IF-1586",""
"BEAMANGLMP_MIN","Beam Angle (Min)","IF-585;IF-547;IF-540;IF-587;CAT-9326;IF-568;MPG-9857;IF-503;IF-502;IF-539;IF-541;IF-505;IF-542",""
"LDISTR","Light Distribution","IF-2342;IF-2138;IF-1822;IF-2143;IF-2383;IF-2357;IF-1147;IF-1129;IF-2139;IF-6498706;IF-571;IF-2356;IF-3096;IF-2249;IF-2216;IF-6600762;IF-2080;IF-2142;IF-1122;IF-572;IF-2386;CAT-316024;IF-32600;IF-1047;IF-2081",""
"LUMCAT","Lumen Category","IF-503;IF-502",""
"LMAIN8000_MIN","Lumen Maintenance 8000 h (Min)","TP-928095056800;TP-928090056800;TP-928488700000;TP-928097056800",""
"LLMF24000","LLMF 24000 h Rated","IF-536",""
"BULBSHAPE","Bulb Shape","IF-525;IF-518;IF-529;MPG-9856;IF-61693;CAT-9325;IF-570;IF-547;IF-534;MPG-9857;IF-571;IF-519;MPG-9858;IF-524;IF-526;IF-528;IF-530;CAT-9326;IF-545;IF-572;IF-6600762;MPG-9948;IF-517;IF-516;IF-532;IF-531;IF-511","MPG-9856;CAT-9325;MPG-9857;IF-571;IF-572;MPG-9948"
"NLP","Number of light sources","IF-12358;IF-1315;IF-1188;IF-1170;IF-1326;PG-6744834;PG-44466;IF-1598;PG-44478;IF-1588;IF-1673;IF-1575;IF-1149;IF-1684;IF-1151;IF-1226;IF-12372;IF-12361;IF-1331;IF-1317;PG-44474;IF-45779;IF-1227;IF-2627;IF-1249;MPG-14996;PG-7100892;IF-2888;IF-1155;IF-1574;IF-1623;PG-6857680;IF-7007820;IFS-15391;IF-1595;IF-1264;IF-1032;IF-2372;IFS-15287;PG-44553;IF-3102;IF-1154;PG-7100900;MPG-6765093;IF-1165;IF-1632;IFS-15279;PG-7141621;PG-44555;IF-1251;IF-3113;PG-44458;PG-44450;IF-7125180;IF-1127;IF-2347;IFS-15278;IF-1260;IF-1465;IF-1594;PG-44557;IF-1596;PG-44446;PG-44563;IF-1325;PG-6861156;PG-44561;CAT-44365;IF-1663;FP-929000116903;IF-1602;IF-1591;IF-1017;MPG-6861829;IF-2664;IF-7100388;IF-1028;IF-1018;IFS-10780;PG-44543;PG-44462;PG-6765098;IF-1152;IF-13268;IF-1681;PG-44464;PG-44422;PG-6845551;IF-1036;IF-12363;IF-1187;CAT-316024;IF-2886;IF-1584;IF-1589;IF-1107;PG-44573;IF-1183;PG-44551;IF-1615;IF-1311;IF-1590;IF-1316;IF-1181;IFS-15392;IF-1320;IF-1442;IF-1601;MPG-44413;PG-44579;IF-1253;IF-3114;IFS-15389;IF-1676;IF-1666655;IF-1583;IF-1593;IF-13265;IFS-15384;IF-1144;IF-2355;IF-1145;IF-1156;PG-44608;IF-1585;IF-2344;PG-44420;IF-1143;PG-44454;IF-32581;IF-1312;IF-2606;IF-1318;IF-1266;IF-1587;IF-1044;IF-1084;IFS-15276;PG-7099782;IFS-15288;IF-1314;IF-1015;IF-1592;IF-1679;IF-1250;PG-44432;IF-1377;IF-1319;IF-3098;PG-6861934;IF-1103;IF-1171;IF-13246;PG-7097420;IFS-15387;IF-2374;IF-1248;PG-44416;IF-1169;IF-2889;IF-1147;PG-7100898;IF-1675;IF-1674;IF-3100;PG-6857908;IF-1607;IF-1252;IF-1597;PG-44545;IF-2668;IF-2337;IFS-15290;MPG-167295;PG-44470;IF-32596;IF-1375;IF-1576;IF-1567;IF-1578;PG-7097422;IF-1072;IF-2352;PG-7100902;IF-2335;IF-2377;PG-6857700;MPG-14998;IF-2666;PG-44575;IF-2667;PG-6744832;IF-13244;IFS-15388;IF-1672;IF-1321;IFS-15286;IF-1327;IF-2528;PG-44438;IF-12357;IF-1003;IF-1071;CAT-44366;IF-1313;IF-2607;MPG-44410;IF-1444;IF-1428;PG-7100894;IF-1376;IF-1577;IF-1447;IF-1108;IF-1244;IFS-15277;IF-1019;IF-13280;IF-3099;IFS-15385;IF-2360","PG-44466;PG-44478;PG-44474;PG-44553;PG-44458;PG-44450;PG-44557;PG-44446;PG-44561;PG-44462;PG-44573;IF-1666655;PG-44608;PG-44420;PG-44454;PG-44432;PG-44416;PG-44545;PG-44470;PG-44438"
"OPTE","Optical element","IF-2206;IF-1253;IF-1309;IF-1316;IF-1320;IF-33897;IF-1127;IF-2369;IF-61617;IF-3099;IF-2220;IF-6965735;IF-1135;IF-1457;IF-2356;IF-1162;IF-1200;IF-32580;IF-61686;IF-1317;IF-2255;IF-7007820;IF-32579;IF-1631;PHG-3182787;IF-1311;IF-1249;IF-3079;IF-1681;IF-1321;IF-1989;IF-1051;IF-1310;IF-1312;IF-1128;IF-1132;IF-1147;IF-1003;IF-3067804;IF-1318;IF-1164;CAT-316024;IF-32578;IF-2265;IF-2190;IF-6682450;IF-6682464;IF-1319;IF-2082;IF-1615;IF-3104;IF-1201;IF-3098;IF-3102;IF-1314;IF-3158502",""
"BEAMANGT_MIN","Beam Angle Technical (Min)","MPG-9858",""
"ILLUM","Illuminance","IF-505",""
"LLMFENDL_MIN","LLMF at End of Nominal Lifetime (Min)","IF-569;CAT-9326;IF-539;MPG-9856;MPG-9857;IF-568",""
"CCY60","Chrom. Coord. Y @ ±60% power","",""
"FRDLGHTOUT","Forward Luminous Output","",""
"Mandatory_In_Blue_Tree_Node","Mandatory in blue tree node:","",""
"LMAIN8000_NOM","Lumen Maintenance 8000 h (Nom)","TP-928095056800;TP-928488700000;TP-928090056800;TP-928097056800",""
"DIMLUMFLUX","Luminous flux at dimming","IF-1249;IF-1244;IF-7007820;IF-1154;IF-1156;IF-1623;CAT-316024;IF-1127;IF-1155;IF-2081;IF-1188",""
"LMAIN8000_MAX","Lumen Maintenance 8000 h (Max)","TP-928090056800;TP-928095056800;TP-928097056800;TP-928488700000",""
"ValidIn","Valid In Blue Tree:","",""
"pho.asset.geol3","Length third axis","",""
"pho.asset.optl3","Optical length third axis","",""
"SO-CTTD25_NOM","Color Temperature (SO) (Nom)","IF-548",""
"LMAIN15000","Lumen Maintenance 15000 h","IF-537;IF-521;IF-531;IF-539;IF-523;IF-516;IF-518;IF-517;IF-524",""
"COLCOD","Color Code","MPG-9858;MPG-9859;IF-548;MPG-9857;IF-545;PG-26542;IF-505;IF-507;FP-929000116903;CAT-9326","MPG-9857"
"pho.color_code","Lamp Color Code","SC-9314",""
"SOLUMFD25_NOM","Luminous Flux (SO) (Nom)","IF-548",""
"SO-CTTD25_MAX","Color Temperature (SO) (Max)","IF-548",""
"PFCEXT","Product family code extension","IF-1187;IF-6965735;IF-1825;IF-3087;IF-1253;IF-1156;IF-32578;PG-6730389;IF-32594;IF-1261;IF-61617;CAT-316024;IF-1020;IF-1824;IF-1024;IF-2028;IF-1154;IF-1615;IF-1188;IF-1149;IF-1262;IF-61686;IF-1155;IF-1022",""
"xUCDM_CSChapterGroupName","xUCDM_CSChapterGroupName","",""
"FLXPIL","Luminous Flux (Pillar Mode)","",""
"ACCCLR","Accessory color","IF-2626;IF-2662;IF-2509;IF-2550;MPG-44491;IF-61624;IF-2498;IF-2671;IF-61626;IF-51789;IF-2579;IF-2683;IF-51763;IF-2692;IF-1370;CAT-6730375;IF-2660;IF-2613;MPG-6732338;IF-1600;IF-1593;IF-315135;IF-2518;IF-51792;IF-2507;IF-2505;IF-51772;IF-2681;IF-51774;IF-61629;IF-2646;IF-2615;IF-51771;IF-2578;IF-2134;IF-51788;IF-2645;IF-2684;IF-2629;IF-51770;IF-13280;IF-2580;IF-2696;IF-51791;IF-2693;IF-3090;IF-1031;IF-1032;IF-2642;IF-32607;IF-2694;IF-2517;IF-1607;IF-2026;IF-2577;IF-2521;IF-51780;IF-51790;IF-2644;MPG-44493;IF-61689;IF-2610;IF-2637;IF-2504;IF-2573;IF-61711;CAT-316024;IF-2643;IF-1191990;IF-51759;IF-32605;IF-2546;IF-51761;IF-51773;IF-2658;IF-2657;IF-2625;IF-315122;IF-51787;IF-2650;CAT-44368;IF-6963621;IF-2697;IF-1017;IF-2648;IF-51782;IF-49756;IF-1018;IF-2510;PG-44600;IF-1823;IF-2620;IF-1526;IF-2636;IF-51775;IF-2529;IF-2614;IF-51778;CAT-44367;IF-2651;IF-2582;IF-2649;IF-2589;IF-2611;IF-2107;IF-3089;IF-2612;IF-2647;IF-1271;IF-1368;IF-2616;IF-2547;IF-51779;IF-1019;IF-2512;IF-2499;IF-2576","MPG-44491;MPG-44493;CAT-44368;PG-44600;CAT-44367"
"LUMFLUXT50","Initial luminous flux at 50 °C","IF-1152;IF-1249;IF-13265;IF-1187;PG-44543;IF-1143;IF-1035;IF-1084;IF-13280;IF-2080;IF-1107;IF-1048;IF-1165;IF-1188;IF-1244;IF-2081;IF-1171;IF-3099;IF-1154;IF-3098;IF-6963622;IF-12357;IF-1047;IF-1170;IF-3100;IF-1156;IF-1038;IF-1169;IF-1227;IF-1150;IF-1145;IF-1248;IF-1149;PG-44551;IF-1252;IF-3114;IF-1253;PG-44555;IF-1046;IF-1087;IF-1155;IF-1147;IF-1151;IF-1254;IF-1144;IF-1226;IF-1251;IF-7007820;IF-1036",""
"EcoPP_CSChapterGroupName","EcoPP_CSChapterGroupName","",""
"BEAMANGT_MAX","Beam Angle Technical (Max)","MPG-9858",""
"LMAIN70","Life To 70% Lumen Maintenance","IF-570;IF-505;IF-502;IF-503;IF-500;MPG-27444",""
"WIDTH","Width","IF-2633;IF-1271;IF-414170;CAT-44368;IF-2554;IF-3257807;IF-3090;CAT-44366;CAT-316024;IF-2580;IF-3088;IF-5665774;IF-2582;CAT-44365;CAT-44367;IF-414198;IF-6849020",""
"LMEFFMAXRAT_MAX","Luminous Efficacy (@ Max Lumen, Rated) (Max)","IF-514;IF-525",""
"pho.asset.optl2","Optical length second axis","",""
"LMEFFMAXRAT_NOM","Luminous Efficacy (@ Max Lumen, Rated) (Nom)","IF-525;IF-514",""
"LMAIN12000_MAX","Lumen Maintenance 12000 h (Max)","",""
"LMAIN6000","Lumen Maintenance 6000 h","IF-535;IF-541;MPG-9857",""
"LUMENFLUX_NOM","Luminous Flux (Nom)","IF-571;IF-570;MPG-9857;IF-572;CAT-9326;IF-545;IF-548;MPG-9856;PG-26542;MPG-9859;CAT-9324;MPG-27444;IF-505;MPG-9858;IF-568;IF-569;IF-547","IF-571;IF-570;MPG-9857"
"SOLUMFD25_MIN","Luminous Flux (SO) (Min)","IF-548",""
"LC","Embedded control","IF-2029;IF-9917;IF-1253;IF-1331;IF-2206;IF-1156;IF-1442;IF-2383;IF-1129;IF-1145;IF-2073;IF-61687;IF-1330;IF-1133;IF-6692424;IF-2154;IF-1269;IF-6965735;IF-3114;IF-1170;IF-1149;IF-2097;IF-1315;IF-1135;IF-1164;IF-1144;IF-1084;IF-1200;IF-6592091;IF-1060;PG-44434;IF-61690;IF-1118;IF-3109;IF-1098;IF-1155;IF-2255;IF-1151;IF-1130;IF-3107;IF-1579;IF-1227;IF-61691;IF-6962897;IF-32579;IF-1143;IF-1623;IF-13246;IF-2195;IF-2203;IF-3098;IF-2354;PG-44432;IF-3106;IF-2079;IF-1422;IF-32580;IF-2094;IF-1492;IF-2084;IF-1202;IF-1154;IF-1252;IF-1250;IF-1048;IF-2085;IF-2249;IF-2133;IF-6599627;IF-2365;IF-32578;IF-32594;IF-1069;IF-2369;IF-6965739;IF-3105;IF-2082;IF-1191;IF-2064;IF-1171;IF-1198;IF-1024;IF-1199;IF-2081;IF-1251;IF-1314;IF-6975094;IF-6963622;IF-1309;IF-2110;IF-3104;IF-1159;IF-2194;IF-6473048;IF-3100;IFS-10780;IF-1195;IF-1169;IF-6987751;IF-1104;IF-2220;IF-2363;IF-61617;IF-1128;IF-1150;IF-1186;IF-2074;IF-2095;IF-1192;IF-1267;IF-1930;IF-6576299;IF-1187;IF-1072;IF-3096;IF-2347;IF-1071;IF-1313;IF-2356;IF-1237;IF-2065;IF-3110;IF-12363;IF-1329;IF-1325;IF-1270;IF-1153;IF-1147;IF-7166039;IF-1162;CAT-316024;IF-3080;IF-1190;IF-2092;IF-1197;IF-1466;IF-3079;IF-2028;IF-6849020;IF-1047;IF-1189;IF-1163;IF-1051;IF-3099;IF-1327;IF-1132;IF-1194;IF-1131;IF-1311;IF-2078;IF-2198;IF-3108;IF-1321;IF-1152;IF-1119;IF-6775396;IF-1825;IF-2087;FP-910925864569;IF-2190;IF-2265;IF-1228;IF-1107;IF-2080;IF-2086;IF-2222;IF-1824;IF-2210;IF-1188;IF-1423;IF-3078;IF-32600;IF-3158116;IF-2431;IF-1056;IF-1106;IF-9916;IF-2261;IF-1127;IF-1666655;IF-61692;IF-2258;IF-1201;IF-61709;IF-1157",""
"xUCDM_Rank","xUCDM_Rank","",""
"SOLMEFD25_NOM","Luminous Efficacy (SO) (Nom)","IF-548",""
"LAMPSTAT","Lamp operating status","IF-1084;IF-2028;IF-61691;IF-5665768;IF-61690;IF-32594;IF-2429;IF-6599627;IF-1048;IF-1252;IF-6498703;IF-2110;IF-6576299;IF-1107;IF-3079;IF-3080;IF-6498704;IF-1251;IF-2425",""
"pho.asset.opttype","Optical type","",""
"PPFMAIN6K","PPF Maintenance 6000 h","PG-167294",""
"SPRATIO","Ratio Scotopic/Photopic Lumens","IF-536;IF-537",""
"DRVCURRENT","Driver current","IF-1084;IF-6963622;IF-1144;PG-44579;IF-1254;IF-13280;IF-1155;IF-1227;IF-1087;PG-44567;IF-12357;IF-1151;PG-44583;IF-1036;IF-1046;IF-1253;IF-1047;IF-1154;IF-1171;IF-3098;IF-1143;PG-44551;IF-1152;PG-44547;PG-44563;IF-1187;PG-44571;CAT-316024;IF-2080;IF-1188;PG-44575;IF-13265;IF-1244;IF-1048;IF-1251;IF-3099;IF-1252;PG-44559;IF-1226;IF-1107;IF-1038;IF-2081;IF-7007820;IF-1466;IF-32590;IF-3100;IF-1035;IF-1248;IF-1165;IF-1249;IF-1156;IF-1169;IF-1145;IF-1147;PG-44555;IF-1149;PG-44543;IF-1170;IF-1150;IF-3114","PG-44579;PG-44567;PG-44563;PG-44571;PG-44575"
"EcoPP_CSChapterItemRank","EcoPP_CSChapterItemRank","",""
"ULR","Upward light output ratio","IF-12357;IF-1143;IF-1187;IF-1084;IF-1154;IF-1036;IF-1152;IF-1249;IF-1046;CAT-44366;IF-13280;IF-1087;IF-1155;PG-44543;IF-1144;IF-1151;IF-7207876;IF-3098;IF-1171;IF-3099;CAT-6698971;IF-13265;IF-1253;IF-2081;IF-1047;IF-7007820;IF-6963622;IF-1251;IF-1188;IF-1226;IF-1150;IF-1165;IF-1107;IF-1244;IF-1048;IF-2080;IF-1252;IF-1038;IF-6965738;PG-44551;IF-6965739;PG-44555;IF-1149;IF-1035;CAT-316024;IF-3100;IF-1169;IF-1170;IF-1156;IF-3114;IF-1227;IF-1254;IF-1145;IF-1147;IF-1248;IF-3066836","CAT-44366;PG-44543;IF-3098;IF-1253;IF-1226;IF-1165;IF-1244;PG-44551;IF-3066836"
"EcoPP_CSChapterGroupRank","EcoPP_CSChapterGroupRank","",""
"LMAIN12000_NOM","Lumen Maintenance 12000 h (Nom)","IF-539;IF-541;IF-543;IF-537;IF-536",""
"pho.asset.lampcol","Lamp colour","",""
"EcoPP_CSChapterGroupID","EcoPP_CSChapterGroupID","",""
"LAMPPOS","Lamp position","IF-2146;IF-2092;IF-1331;IF-2081;IF-1021;IF-2078;IF-2154;IF-1422;IF-2083;IF-2088;IF-1330;IF-2073;IF-1264;IF-2079;IF-2069;IF-2098;IF-1326;IF-2095;IF-2097;IF-2074;IF-2094;IF-1315;IF-2084;IF-2086;IF-2087;IF-2085;IF-1930;IF-1329;IF-1313;IF-2027;IF-1420;IF-2065;IF-2149;IF-1325;IF-1914;IF-1675;IF-2099;IF-1314;IF-2100;IF-1015;IF-2064;IF-1419;IF-2153;IF-2093;IF-1674",""
"ETIM.V7.Description","ETIM.V7.Description","",""
"LUMENFLUX_MIN","Luminous Flux (Min)","MPG-9858;IF-547;IF-545;IF-568;MPG-9857;MPG-9859;CAT-9326;IF-548;MPG-9856;CAT-9324;PG-26542;MPG-27444;IF-569;IF-505",""
"LMAIN40US","Lumen Maintenance - 40% Life","IF-543;IF-538",""
"DISTRIB","Distributor","IF-1870;IF-1040",""
"LUMFLUXTOL","Luminous flux tolerance","IF-1144;IF-1155;IFS-15276;IF-1060;IFS-15384;IF-1143;IF-1227;IF-12361;IF-1084;IF-1154;IF-1151;PG-44460;IF-12357;IF-32585;IF-1040;IF-1098;IF-1908;IF-2081;IF-2050;IF-3083;IF-1171;IF-1253;IF-1053;IF-3098;IF-45779;IFS-15288;PG-44434;PG-44418;IF-2025;PG-44547;IF-1409;IF-1492;IF-1226;IFS-15287;PG-6744832;IF-32584;IF-32593;IF-1252;IF-1251;PG-44430;IF-32594;IF-2048;PG-44476;IFS-15279;IF-1038;PG-7146660;IF-1048;PG-44452;IF-3099;IF-1043;PG-44559;IF-1165;IF-3084;IFS-15278;IF-7207876;IF-6960802;IF-6965739;PG-44543;IF-1169;IF-1249;CAT-44366;PG-6709955;CAT-316024;IF-2110;IF-7007820;IF-2021;IF-6965738;PG-44609;IF-1248;PG-44472;IF-1150;PG-44555;IF-1254;IF-3100;IF-9921;IFS-15290;PG-44468;IF-7125175;IF-45781;PG-44440;PG-6699025;IF-13280;IF-1087;PG-44448;CAT-6702460;IF-6963622;IF-12363;IF-3081;CAT-44365;IF-1057;IF-1036;PG-7144779;IF-1046;IF-2030;IF-1413;IF-3067804;IF-1104;IF-32597;IFS-15385;IF-2028;IF-3085;IF-3067807;IF-1047;CAT-6698971;IF-1152;IF-2106;IF-13268;IFS-15286;PG-44464;IF-1187;IF-61627;IF-3080;IF-2027;PG-44456;IF-1188;IF-13265;IF-1056;IF-1415;IF-1106;PG-44551;IF-2020;IF-9918;IF-2080;IFS-15277;IF-61619;IF-1183;IF-1244;PG-44422;IF-1107;IF-3079;IF-61690;IF-1179;PG-44480;IF-1145;IF-12372;IF-1035;IF-7125186;IF-1156;IF-1170;IF-1181;IF-1149;IF-2274;IF-1147;IF-2046;IF-3114","PG-44460;IF-1253;IF-3098;PG-44434;PG-44418;PG-44547;IF-1226;PG-44430;PG-44476;PG-44452;PG-44559;IF-1165;IF-3084;PG-44543;PG-44609;PG-44472;PG-44555;PG-44468;PG-44440;PG-44448;IF-3067804;IF-3085;IF-3067807;PG-44464;PG-44456;IF-1415;PG-44551;IF-1183;IF-1244;PG-44422;PG-44480"
"LITWID","Lit width","",""
"pho.asset.geol2","Length second axis","",""
"LMAIN14000","Lumen Maintenance 14000 h","IF-544",""
"LMAIN12000_MIN","Lumen Maintenance 12000 h (Min)","IF-536;IF-543;IF-541;IF-537;IF-539",""
"NAMEEXT","Lamp version","IF-6963622;IF-1145;IF-9917;IF-6775396;IF-9916;IF-2273;IF-1005;IF-1149;IF-1128;IF-6965735;IF-2274;IF-1170;IF-32575;IF-3100;IF-1169;IF-1224;CAT-316024;IF-3099;IF-1237;IF-1152;IF-1227;IF-1244;IF-1122;IF-3097;IF-1083;IF-1153;IF-1313;IF-1151;IF-3104;IF-32579;IF-33897;IF-1047;IF-1171;IF-1250;IF-1132;IF-1157;IF-1131;IF-7166080;IF-1162;IF-2375;IF-1143;IF-3067804;IF-1253;IF-1321;IF-1129;IF-61688;IF-1147;IF-1150;IF-3098;IF-2236;IF-1228;IF-32580;IF-2149527;IF-1127;IF-2080;IF-1048;IF-6965738;IF-2427",""
"LUMEN","Light source flux","IF-3114;IF-1189;IF-1465;IF-3115;IF-1191;IF-1129;IF-1442;IF-3108;IF-1163;IF-1124;IF-1133;IF-1192;IF-1136;IF-1226;IF-1444;IF-1164;IF-1466;IF-61688;IF-3109;IF-1248;IF-1253;IF-1193;IF-1249;IF-1165;IF-3110;IF-1162;IF-9922;IF-3111;IF-45779;IF-1190;IF-3107;IF-7007820",""
"WAVEL_MIN","Wavelength (Min)","PG-9455",""
"LUMINTNODE","Luminous intensity (peak value) on beam axis per node","IF-13271",""
"LLMF20000","LLMF 20000 h Rated","IF-520;IF-529;IF-525;IF-523;IF-541;IF-517;IF-528;IF-514;IF-536;IF-513",""
"DUPLICODE","Duplication code","IF-1320;IF-1924;IF-2246;IF-2269;IF-2518;IF-2232;IF-2262;IF-1316;IF-1876;IF-1673;IF-2362;IF-1326;IF-1867;IF-1925;IF-2333;IF-2619;IF-2253;IF-2669;IF-1318;IF-1872;IF-1912;IF-1877;IF-1864;IF-2193;IF-2268;IF-2364;IF-1111;IF-1317;IF-1487;IF-2200;IF-1196;IF-1481;IF-2357;IF-1312;IF-2513;IF-1647;IF-2179;IF-1873;IF-2346;IF-2098;IF-1936;IF-2696;IF-1879;IF-1871;IF-1904;IF-2057;IF-1880;IF-1906;IF-2099;IF-1375;IF-1470;IF-1054;IF-1319;IF-1024;IF-1495;IF-2100;IF-2693;PG-6861934;IF-2071;IF-2567;IF-2556;PG-6857908;PG-6861156;IF-1507;IF-1878;IF-2194;IF-2257;IF-1863;IF-2141;IF-2230;IF-1868;IF-2192;IF-1576;IF-2368;IF-1488;IF-2207;IF-2264;IF-2378;IF-2623;IF-2182;IF-1926;IF-1490;IF-1672;IF-2366;IF-1922;IF-2502;IF-1875;IF-2185;IF-1932;IF-1862;IF-1052;IF-2618;IF-2380;IF-2631;IF-2379;IF-2242;IF-1039;IF-2260;IF-1464;IF-1910;IF-1927;IF-1857;IF-2568;IF-2089;IF-1051;IF-2201;PG-6804851;IF-1866;IF-1919;IF-1865;IF-1882;IF-2231;IF-2043;IF-2072;IF-1584;IF-2338;IF-2222;IF-2238;IF-2240;IF-2503;IF-1105;IF-1483;IF-1058;IF-2226",""
"pho.asset.invo","Input voltage","",""
"phoopt.height","Optic Height","IF-1492;IF-3099;IF-1129;IF-2079;IF-32598;IF-1854;IF-1005;IF-2273;IF-1164;IF-3084;IF-1629;IF-2255;IF-1561;IF-1326;IF-1331;IF-1512;IF-2206;IF-2178;SC-9314;IF-2105;IF-1876;IF-1147;IF-1468;IF-1269;IF-2195;IF-1378;IF-2333;IF-1193;IF-1472;IF-1623;IF-2253;IF-2144;IF-2025;IF-2102;IF-32584;IF-1933;IF-2098;IF-1252;IF-2429;IF-1510;IF-2191;IF-2050;IF-1684;IF-1048;IF-1122;IF-32579;IF-1487;IF-2229;IF-1317;IF-2082;IF-1422;IF-2135;IF-1873;IF-1856;IF-1021;IF-1675;IF-2110;IF-1191;IF-1647;IF-2028;IF-1897;IF-3112;IF-3100;IF-2094;IF-2217;IF-2166;IF-1169;IF-1644;IF-1921;IF-2249;IF-12357;IF-1558;IF-1011;IF-1375;IF-13265;IF-1226;IF-1087;IF-2365;IF-2372;IF-1868;IF-32578;IF-1261;IF-1198;IF-6975094;IF-1180;IF-1195;IF-2220;IF-1057;IF-2042;IF-3080;IF-6473048;IF-1264;IF-1047;IF-61617;IF-2143;IF-61619;IF-2363;IF-2153;IF-1353;IF-2080;IF-2095;IF-1152;IF-1527;IF-1863;IF-2114;IF-2347;IF-1162;IF-1128;IF-13268;IF-6963622;IF-1861;IF-2021;IF-61627;IF-2245;IF-3087;IF-1227;IF-2140;IF-1267;IF-1237;IF-2198;IF-1931;IF-1170;IF-1311;IF-1270;IF-3096;IF-2092;IF-1190;IF-1663;IF-1415;IF-1107;IF-1932;IF-1243;IF-1469;IF-1149;IF-49754;IF-1325;IF-1482;IF-1017;IF-1989;IF-1132;IF-61628;IF-2091;IF-1615;IF-1106;IF-2261;IF-1419;IF-1183;IF-1903;IF-2016;IF-1919;IF-1352;IF-1157;IF-2190;IF-12358;IF-2356;IF-2270;IF-1898;IF-2338;IF-2332;IF-2088;IF-1315;IF-1423;IF-1511;IF-2258;IF-2348;IF-12361;IF-1151;IF-1646;IF-1155;IF-2265;IF-1924;IF-2381;IF-2073;IF-2272;IF-2369;IF-2165;IF-1171;IF-32585;IF-2069;IF-1316;IF-1035;IF-3098;IF-2355;IF-2093;IF-1060;IF-1870;IF-1420;IF-1525;IF-2271;IF-1098;IF-1409;IF-2177;IF-6692424;IF-1022;IF-1486;IF-1320;IF-9923;IF-1925;IF-2203;IF-2216;IF-13246;IF-3107;IF-2084;IF-32580;IF-1130;IF-1509;IF-1250;IF-1864;IF-1506;IF-1318;IF-1877;IF-1103;IF-1473;IF-2200;IF-1266;IF-2357;IF-2193;IF-1242;IF-2066;IF-2228;IF-1579;IF-2248;IF-1118;IF-1457;IF-2048;IF-1676;IF-3109;IF-7150974;IF-2064;IF-1043;IF-1474;IF-1015;IF-1528;IF-1253;IF-1355;IF-9921;IF-1314;IF-2099;IF-2344;IF-32594;IF-1871;IF-1020;IF-1053;IF-1920;IF-2211;IF-1150;IF-2425;IF-2221;IF-2133;IF-2189;IF-2074;IF-1187;IF-2075;IF-2030;IF-1377;IF-1186;IF-1906;IF-2374;IF-1559;IF-2081;IF-2236;IF-1413;IF-2055;IF-1470;IF-1024;IF-9922;IF-2427;IF-2085;IF-1188;IF-1319;IF-2259;IF-3104;IF-2146;IF-1679;IF-2100;IF-1104;IF-1154;IF-1313;IF-1259;IF-2078;IF-2164;IF-1930;IF-2247;IF-2276;IF-2027;IF-1192;IF-1914;IF-32599;IF-2337;IF-3110;IF-3105;IF-1329;IF-1488;IF-1037;IF-2020;IF-1321;IF-1875;IF-1121;IF-1862;IF-1855;IF-1926;IF-1923;IF-49752;IF-1003;IF-1156;IF-2106;IF-2335;IF-3097;IF-1475;IF-2194;IF-2233;IF-3079;IF-1922;IF-2385;IF-1857;IF-1244;IF-2065;IF-2377;IF-3085;IF-1927;IF-1899;IF-3108;IF-1194;IF-1181;IF-1560;IF-3114;IF-2244;IF-2161;IF-1119;IF-2201;IF-32600;IF-1672;IF-1163;IF-1866;IF-1865;IF-1056;IF-1822;IF-2008;IF-1127;IF-2083;IF-2072;IF-1376;IF-1145;IF-1189;IF-2375;IF-1251;IF-1179;IF-1197;IF-2222;IF-2046;IF-1144;IF-1084;IF-1867;IF-1330;IF-1133;IF-1143;IF-2274;IF-6965735;IF-2387;IF-1228;IF-1908;IF-1387;IF-2210;IF-2097;IF-1902;IF-3078;IF-2087;IF-2154;IF-1040;IF-1483;IF-2386;IF-3103;IF-2086;IF-9916;IF-2339;IF-2383",""
"phohou.diameter","Housing Diameter","SC-9314",""
"CAPBASE","Cap-Base","IF-1629;IF-2154;IF-1486;IF-1870;IF-2054;IF-2073;IF-2088;IF-1630;IF-2069;IF-1326;IF-1673;IF-2000;IF-2147;IF-1374;IF-2097;IF-1561;IF-547;IF-1492;IF-2102;IF-1457;IF-545;IF-2144;IF-1266;IF-1993;IF-1787;IF-2066;IF-548;IF-1684;IF-1622;IF-1860;IF-2081;PG-7097420;IF-1481;IF-1528;IF-1373;IF-3102;IF-1647;IF-1997;IF-1506;IF-1644;IF-2098;IF-61625;IF-2079;IF-2050;IF-2139;IF-45779;CAT-316024;IF-2084;IF-1043;IF-1897;MPG-9859;MPG-9856;IF-1996;IF-2075;MPG-9948;IF-2099;IF-1679;IF-1314;IF-1928;IF-2101;IF-2085;IF-2100;IF-1674;IF-2146;MPG-9858;IF-2194;PG-6869112;IF-3081;IF-1632;IF-2143;IF-1372;IF-1264;IF-2048;IF-2140;PG-44561;IF-1313;IF-1663;PG-6861156;CAT-44365;PG-6857700;IF-45781;IF-507;IF-2149;IF-1325;IF-2164;IF-2153;IF-2042;IF-2142;IF-1995;IF-2092;IF-1931;IF-1899;CAT-9325;IF-2161;IF-1327;IF-2078;IF-1311;IF-1672;IF-2083;IF-1919;IF-2138;MPG-9857;IF-2072;IF-1003;IF-1681;IF-1898;IF-2086;IF-2080;IF-1907;IF-1181;IF-1994;CAT-9326;IF-1330;IF-1483;IF-1645;IF-2156;IF-1646;IF-9920;IF-1615;IF-1881;IF-2087","MPG-9859;MPG-9856;MPG-9948;CAT-9325;MPG-9857"
"ETIM.V7.Feature.ID","ETIM.V7.Feature.ID","",""
"LMAIN1000_MIN","Lumen Maintenance 1000 h (Min)","IF-544;IF-537;IF-536",""
"LMAIN5000_MIN","Lumen Maintenance 5000 h (Min)","IF-517;IF-544;IF-524;IF-516;IF-512;IF-538;IF-61693;IF-537;IF-542;IF-535;MPG-9857;IF-530;IF-536;IF-526;IF-515;IF-518;IF-543;IF-522;IF-531;IF-523;IF-521",""
"RBEAMANGLE","Rated Beam Angle","IF-571;IF-568;IF-570;MPG-9857;IF-585;IF-587","IF-571"
"BEAMANGLE","Beam angle of light source","IF-1387;IF-32598;IF-1870;IF-1374;IF-6473048;IF-7125180;IF-1998;IF-1145;IF-3081;IF-1137;IF-1372;IF-1104;IF-1128;IF-9921;CAT-44365;PG-44470;IF-1150;CAT-6702460;IF-1149;PG-44466;IF-1186;IF-2000;PG-44478;IF-1170;IF-1525;IF-45781;IF-1267;IF-1060;IF-1098;IF-1313;IF-1087;IF-12363;PG-44468;IF-1121;IF-1053;IF-1122;IF-1057;IF-1486;IF-1227;IF-3083;IF-1993;IF-1083;IF-1040;IF-1579;IF-1908;IF-1144;IF-1039;PG-44474;PG-44476;IF-1035;IF-7150974;IF-1197;IF-1989;IF-1242;IF-1036;IF-1021;IF-1194;IF-2025;IF-1311;IF-1158;IF-1152;IF-1202;IF-1143;IF-2429;IF-1043;IF-1228;IF-2003;IF-6963622;IF-1994;IF-1108;IF-1069;IF-7125186;IF-1171;IF-2431;IF-2027;IF-1198;IF-1258;IF-1201;IF-1378;IF-1106;IF-1107;IF-1038;IF-1250;IF-1195;IF-1157;PG-7144779;IF-1056;CAT-316024",""
"Enterprise label","Enterprise label","",""
"CORTEMP_MIN","Correlated Color Temperature (Min)","MPG-27444;CAT-9326;MPG-9857;MPG-9859;IF-545;IF-547;IF-569;MPG-9856;MPG-27451;IF-568;IF-505;MPG-9858;PG-26542;CAT-9323;CAT-27442;IF-548","CAT-27442"
"pho.asset.tlme","Tilt of measurement","",""
"LUMEFRGB","Initial LED luminaire efficacy at RGB operation","MPG-167295;CAT-316024",""
"LUMFLRS","Luminous Flux in 90° Cone (Rated) Setting(s)","IF-6600762;IF-571;IF-572",""
"WAVEL_MAX","Wavelength (Max)","PG-9455",""
"LMAIN1000_NOM","Lumen Maintenance 1000 h (Nom)","IF-544;IF-537;IF-536",""
"LMAIN20000","Lumen Maintenance 20000 h","IF-543;IF-537;IF-536",""
"GLAREACC","Glare shielding accessories","IF-1387;IF-1492;IF-2509;IF-2671;IF-1486;IF-61626;IF-2504;IF-2692;IF-1330;IF-2093;IF-9923;IF-61620;IF-2590;IF-1870;IF-2675;IF-1378;IF-3087;IF-1187;IF-2587;IF-51770;IF-1329;IF-2084;IF-2094;IF-1923;IF-2595;IF-1908;IF-1420;IF-32591;IF-1579;IF-1311;IF-2505;IF-1931;IF-51772;IF-51774;IF-2586;IF-2510;IF-2592;IF-51771;IF-51775;IF-1249;IF-2670;IF-51778;IF-2651;IF-1422;IF-1386;IF-12358;IF-1920;IF-13280;IF-2594;IF-2575;IF-2677;CAT-316024;IF-2693;IF-2170;IF-2694;IF-2665;IF-3089;IF-1188;IF-49755;IF-1423;IF-51779;IF-2674;IF-1569;IF-1675518;IF-7007820;IF-1419",""
"ETIM.V7.ID","ETIM.V7.ID","",""
"COLDESIG","Color Designation","PG-9455;IF-545;IF-569;IF-572;IF-505;IF-6600762;PG-26542;IF-548;CAT-9325;MPG-9859;CAT-9324;IF-567;MPG-9858;CAT-9323;MPG-9857;IF-571","CAT-9323;MPG-9857"
"PublicationGroupLum","Publication group - Luminaires","",""
"LIGHTTECH","Lighting Technology","SC-9314",""
"PPFMAIN8K","PPF Maintenance 8000 h","PG-167294",""
"CORTEMP_NOM","Correlated Color Temperature (Nom)","IF-570;IF-547;IF-572;IF-571;IF-505;MPG-27444;IF-568;IF-569;MPG-9858;MPG-27451;MPG-9859;MPG-9856;PG-26542;IF-545;CAT-9323;MPG-9857;IF-548;CAT-9326;CAT-27442","IF-570;IF-572;IF-571;IF-568;MPG-9856;CAT-9323;CAT-27442"
"LUMFLUXMAX","Luminous Flux (Max)","",""
"TREF","Top reflector","IF-2357;IF-2255;IF-1098;IF-1194;IF-1312;IF-1311;IF-2356;IF-1130;IF-2203;IF-2198;IF-2206;IF-1314;IF-2189;IF-2064;IF-1159",""
"CORTEMP_MAX","Correlated Color Temperature (Max)","CAT-9326;IF-569;MPG-9859;MPG-27451;MPG-27444;IF-568;IF-547;IF-505;IF-545;CAT-9323;MPG-9858;MPG-9856;MPG-9857;PG-26542;IF-548;CAT-27442","CAT-27442"
"ETIM.V7.Sort.Number","ETIM.V7.Sort.Number","",""
"LUMFLUXT15","Initial luminous flux at 15 °C","IF-1036;IF-1249;IF-1152;IF-6963622;IF-1187;PG-44555;IF-13265;IF-12357;IF-1084;IF-13280;IF-1144;IF-1155;IF-1251;IF-1035;IF-1087;IF-1143;IF-1244;IF-1048;IF-3099;IF-2080;IF-1107;IF-1188;IF-1165;IF-2081;IF-7007820;IF-1171;IF-1047;PG-44543;IF-3098;IF-1156;IF-1038;IF-1150;IF-1170;IF-3100;IF-1227;IF-1253;IF-1252;IF-3114;IF-1154;IF-1149;IF-1151;IF-1147;IF-1046;IF-1226;IF-1254;IF-1145;IF-1248;PG-44551;IF-1169",""
"TYPDESCR","Type description","IF-1331;MPG-44414;IF-51780;IF-2500;IF-51789;IF-3081;IF-1169;IF-1413;IF-61622;IF-61624;IF-1170;IF-51764;IF-13265;IF-1269;IF-51759;IF-6576297;IF-2692;IF-12361;IF-61623;IF-51792;IF-2509;IF-2626;PG-44602;IF-2021;MPG-6732332;IF-12363;IF-2555;MPG-9399;IF-1017;IFS-15288;IF-51787;IF-2650;IF-45781;IFS-15286;IF-2268;IF-51782;IF-1162;IF-315122;IF-6576299;IF-13280;CAT-316024;IF-51777;IF-3111;IF-51765;IF-1242;IF-51784;IF-2134;IF-12372;IF-51788;MPG-44492;IF-2649;IF-1369;IF-6962897;IF-1032;IF-7007820;IF-2651;IF-61692;IF-9921;IF-61691;IF-6592091;IF-1043;IF-61690;IF-2646;IF-2384;IF-2653;IF-2525;IFS-15290;IF-51776;MPG-44584;IF-2693;IF-51761;PG-44524;IF-2694;IF-1370;IF-51763;IF-6591449;IF-51786;IF-1368;IF-1249;IF-1063318;IF-51779;IF-3025453;IF-2661;IF-51785;IF-51790;IF-61711;IF-1371;IF-51783;IF-2544",""
"pho.asset.corr","Correction factor","",""
"SYSDESCR","Lamp system description","IF-1674;IF-12361;IF-1264;IF-1676;CAT-316024;IF-1903;IF-1928;IF-1675;IF-1672;IF-1882;IF-1315;IF-1622",""
"pho.asset.nlps","Number of lamps","",""
"LUMFLUXRAT_NOM","Luminous Flux (Rated) (Nom)","IF-548;MPG-9857;PG-167294;IF-513;IF-6600762;IF-568;IF-541;IF-570;IF-545;IF-572;IF-530;MPG-9856;IF-518;IF-514;IF-520;CAT-9326;IF-569;IF-525;IF-536;IF-523;IF-528;MPG-9858;IF-547;IF-517","IF-570"
"LIFE50LUM","Life To 50% Lumen Maintenance","MPG-27444",""
"MD System of Record Identifier","MD System of Record Identifier","",""
"CVR","Optical cover/lens type","IF-12372;IF-2382;IF-2147;IF-1331;IF-2364;PG-7146660;IF-2206;IF-2362;IF-1512;PG-6744834;IF-1673;IF-2088;IF-2144;IF-1492;IF-2021;IF-12361;IF-2255;IF-1472;IF-1489;IF-2195;IF-2429;PG-44460;IF-2268;IF-1005;IF-1510;IF-1933;IF-1249;IF-2094;IF-1198;IF-1675;PG-44448;IF-2025;IF-3084;IF-1386;IF-2050;IF-2110;PG-44434;PG-44432;IF-2179;IFS-15391;IF-6965739;IF-2139;IF-1043;IF-7007820;IFS-15287;IF-2079;IF-1869;IF-1422;IF-2249;IF-2098;IF-45779;IF-6965738;PG-6775339;IFS-15290;IF-1048;IF-1261;IF-2082;IF-32584;IF-2365;IF-1011;IF-1378;IF-1195;CAT-316024;IF-1674;PG-44555;IF-1050;IFS-15381;IF-2100;IF-1251;IF-2095;IF-2030;IF-1038;IF-1507;IF-2143;IF-1353;IF-2074;IF-2363;MPG-167295;IF-1150;IF-2146;IF-2197;IF-3082;IF-1527;IF-2368;CAT-44366;IF-3087;IFS-15278;PG-44609;CAT-6698971;IF-1270;IF-1017;IF-3158116;IF-12363;IF-2366;IF-1267;IF-45781;IF-2048;IF-1413;IF-1421;IF-1057;IF-2042;IF-1046;PG-44543;IF-13268;IF-2138;IF-2341;IF-61628;IF-1931;IF-2149;IF-61619;IF-1482;IF-1903;IF-1036;PG-6804851;IF-1106;PG-44464;IF-1415;IF-2356;IF-2092;IF-2190;IF-2140;IF-1035;IF-6908553;IF-1269;IF-1419;IF-2238;IF-1874;IF-2332;IF-1183;IF-2258;IF-2270;IF-1107;PG-44422;IF-2261;IF-1511;IF-1615;IF-2265;PG-44551;PG-44480;IF-1047;IF-1423;PG-44456;IF-1253;IF-1579;IF-2383;IF-1486;IF-2369;PG-6914350;PG-6908520;IF-2262;IF-1098;IF-2046;IFS-15392;IF-2097;IF-2272;IF-2177;IF-1387;IF-2274;IF-1870;IF-9923;IF-13265;IF-2073;IF-3114;IF-2069;IF-1266;IFS-15384;IF-13246;IF-2425;IFS-15389;IF-1509;IF-1420;IFS-15276;IFS-15288;IF-2066;IF-1409;IF-32585;IF-2093;IF-2200;IF-1908;IF-1473;IF-1053;IF-1060;IF-1040;IF-3083;IF-2342;IF-2354;IF-1314;IF-1355;IF-1528;IF-2084;IF-1506;IF-2203;PG-44547;IF-1084;IF-2133;IF-2071;IF-32594;IF-6963622;IF-2099;IFS-15279;PG-44430;IF-1920;IF-2064;IF-2085;IF-1250;PG-44452;IF-9921;MPG-6861829;IF-2151;IF-1103;IF-32593;IFS-15387;IF-1015;IF-2075;IF-1104;IF-1495;IF-1471;IF-2343;IF-1248;IF-3081;IF-2220;IF-2141;IF-2352;IF-2257;IF-1252;IF-2164;IF-2219;IF-1375;PG-6775407;CAT-44365;IF-1494;PG-44472;IF-2106;IF-2378;IF-2264;IF-2065;IF-1930;IF-1254;IF-1922;IF-2142;IF-1087;PG-44549;IF-2385;IF-1003;IF-1914;IF-2379;PG-6744832;IF-2380;IF-13280;IF-1194;IF-2244;IF-2078;IF-2072;IF-3085;IF-3079;IF-2260;IF-1480;IFS-15385;IF-1923;IF-2083;IF-1822;IF-1197;IFS-15286;IFS-15388;IF-2086;IF-2087;IF-2210;IF-2387;IF-12357;IF-1181;IF-2027;IF-1244;IF-1058;IF-1056;IF-1376;IF-2156;IF-7207876;IF-1483;IF-1179;IF-1902;IFS-15277;IF-9918;IF-2020;IF-2386","PG-44555;CAT-44366;PG-44543;PG-44551;IF-1253;PG-44547;PG-44549;IF-1244"
"BEAMANGT","Beam Angle Technical (Nom)","MPG-9858",""
"pho.lumen_efficiency","Lumen Efficiency","SC-9314",""
"REFLATT","Reflectors","PG-6732347;IF-1601;IF-1599;IF-1263;IF-2627;IF-2344;IF-1590;IF-1015;IF-61626;IF-1607;IF-2347;IF-1264;IF-1672;IF-2622;IF-1597;IF-1594;IF-1598;IF-1596;IF-1581;IF-2374;IF-1593;IF-2335;IF-1031;IF-2375;IF-2339;IF-2372;IF-2377;IF-1587;IF-1595;IF-1600;IF-1592;IF-1580;IF-1591;IF-1017;IF-1018;IF-1676;IF-1589",""
"pho.asset.luba","Lumen basis of photometry","",""
"LMAIN50000_MIN","Lumen Maintenance 50000 h (Min)","",""
"CCX60","Chrom. Coord. X @ ±60% power","",""
"MD System of Record","MD System of Record","",""
"LUMDESIGUS","Design Mean Lumens","IF-536;IF-532;IF-543;PG-167294;IF-538;IF-542;IF-539;IF-531;IF-519;IF-537;IF-534",""
"LENGTH","Length","IF-51789;MPG-44493;IF-3113;IF-51790;PG-44418;IF-2573;IF-61624;MPG-167295;IF-12372;IF-2662;IF-61711;CAT-6730375;CAT-316024;IF-2660;PG-44460;IFS-15278;IF-1907;CAT-44365;IF-2610;IF-2589;IF-12361;IF-2613;PG-44602;IF-2274;IF-32601;IFS-15276;IF-3088;IF-51787;IF-2079;IF-61690;IF-12363;IF-1023;CAT-44368;IF-2629;IF-61691;IF-2579;MPG-6861829;IF-51782;IF-2681;IF-2262455;IF-6963150;IF-61692;IFS-3160465;IF-6700475;IF-2641;IF-414170;IF-2648;IF-2529;PG-6775407;IF-2028;IF-1021;IF-2578;IF-6568878;IF-1103;IF-13246;IF-51788;IF-2615;IF-2616;IF-2203;IF-2614;IF-2078;IF-6568875;IF-1183;IF-1033;CAT-44367;IF-6964403;IF-2611;IF-1032;IF-13280;IF-2107;IF-2653;IF-414198;IF-3090;IF-2554;IFS-15290;IFS-15279;PG-44524;IF-2428;IF-1271;IF-1031;IF-2642;IF-2577;IF-2027;IF-1024;IF-5665774;IF-1179;CAT-44366;IFS-15277;IF-51779",""
"COLSTABIND","Color stability index","",""
"IKC","Mech. impact protection code","IF-1631;IF-2273;IF-12372;PG-44460;IF-1331;IF-2206;CAT-6730375;IF-2088;IF-1561;IF-1512;IF-1315;IF-1444;IF-2255;IF-2021;IF-12361;IF-1492;IF-1993;MPG-6732317;IF-2079;IF-2195;IF-1933;IFS-15391;MPG-6732311;IF-1623;IF-1860;PG-6744832;PG-44448;PG-44434;IF-3102;IF-2025;IF-2081;IF-3084;IF-2094;IF-2050;IF-1032;IF-1422;IFS-15287;IF-1386;IF-7007820;IF-1043;IF-2580;IF-45779;PG-7146660;IFS-15290;IF-6965738;CAT-316024;IF-32584;IF-32590;IF-6965739;IF-6960802;IF-1249;IF-1048;IF-1252;PG-44543;IF-2030;MPG-6993641;IF-1353;IF-2153;IFS-10780;IF-1046;PG-6765102;IF-1413;IF-2048;IF-2055;PG-44609;IF-2368;IF-2095;IF-2664;CAT-6702460;IF-1264;PG-44555;IF-2074;IFS-15278;IF-1260;CAT-44365;MPG-44487;IF-12363;IF-2245;IF-2366;IF-45781;IF-2149;IF-7100388;CAT-44368;MPG-44488;IF-1057;IF-2092;CAT-6698971;MPG-6861829;IF-1931;IF-1325;IF-7125175;IF-2042;IF-1246;IF-1421;PG-44422;IF-61619;IF-2091;MPG-44584;IF-1035;PG-44464;IF-13268;IF-1415;IF-1602;IF-1352;MPG-44493;IF-1681;IF-1311;IF-2190;IF-1183;IF-2270;MPG-44585;IF-1511;IF-1423;PG-44551;PG-44480;IF-12358;IF-1107;IF-1419;PG-44456;IF-2080;IF-61690;IF-2383;IF-2093;IF-3257807;IF-7207876;IF-2262;IF-13265;IF-2073;IF-1253;IF-2274;PG-44579;IF-2046;IF-3114;IF-2355;IFS-15392;PG-44567;IF-2084;IF-1084;IF-1409;IFS-15276;IF-32585;IFS-15288;IF-1908;IF-3083;IF-2193;IF-1053;IF-1420;IF-1060;IF-1457;IF-1266;IFS-15384;IF-1040;IF-2248;IF-1103;IF-2064;IF-1250;IF-2344;IF-2203;PG-44547;IF-13246;IF-1377;MPG-167295;IF-32594;IF-2236;PG-44452;IF-9919;IFS-15279;IF-9921;IF-1251;IF-1038;IF-1314;IF-1465;IF-2151;IF-32593;IF-2085;PG-44430;IF-2427;IF-3081;IF-1259;IF-1037;IF-2247;IF-2220;IF-32596;IF-2194;IF-1930;IF-1254;IF-1248;IF-1313;IF-1329;IF-1072;IF-2264;CAT-44366;IF-1071;IF-2235;IFS-15388;IF-2065;IF-2667;IF-1087;IF-1914;PG-44472;IF-1923;IF-2028;IF-3085;IF-3079;IF-1466;IFS-15385;IF-1428;CAT-44367;IFS-15286;IF-2335;IF-13280;IF-2078;IF-1327;IF-2008;IF-2083;IF-1376;IF-2097;IF-1181;IF-2027;IF-1330;IF-1056;IF-9920;IF-2360;IF-1603;IF-2020;IF-2087;IF-1387;IF-2339;IFS-15277;IF-12357;IF-9918;IF-1179;IF-2086;IF-2154;IF-1244;IF-3115","PG-44460;PG-44448;PG-44434;IF-3084;PG-44543;PG-44609;PG-44555;CAT-44365;MPG-44487;MPG-44488;PG-44422;MPG-44584;PG-44464;IF-1415;MPG-44493;IF-1183;MPG-44585;PG-44551;PG-44480;PG-44456;IF-1253;PG-44579;PG-44567;PG-44547;PG-44452;PG-44430;CAT-44366;PG-44472;IF-3085;IF-1244"
"Enterprise description","Enterprise description","",""
"DEPRUSELIF","Depreciation At Useful Lifetime","IF-548;IF-545",""
"TRAFO","Driver/power unit/transformer","IF-12372;IF-1486;PG-6709955;IF-1253;PG-44579;IF-1145;IF-1442;IF-1156;IF-13265;IF-2046;IF-1170;IF-1444;PG-44567;IF-3114;IF-1149;IF-1870;IF-7207876;IF-2274;IF-1155;IF-1084;IF-12361;IF-1492;IFS-15276;IF-1912;IFS-15288;PG-44460;IF-1864;IF-1226;IF-1227;IF-1908;IF-1151;IFS-15384;IF-3083;IF-1144;PG-44571;PG-44547;PG-6961847;IF-1623;IF-6960802;PG-44448;PG-44575;IF-3098;PG-44434;IF-1249;IF-13246;IF-1171;IF-1250;IFS-15391;IF-3084;IF-1871;IF-1386;IF-1154;IF-1873;PG-44559;PG-6744832;IF-2050;IF-1936;IF-1103;IF-1879;IFS-15287;IF-45779;IF-1221;IF-1143;IF-1880;IF-1904;IFS-15290;IFS-15279;IF-1906;IF-1220;IF-9919;IF-1465;IF-9921;IF-1868;PG-44452;IF-1252;IF-1048;PG-44555;PG-44543;PG-44430;IF-1378;IF-1251;IF-1038;IF-1165;IF-6965739;IF-1259;IF-1037;CAT-6702460;IF-6965738;IF-3100;IFS-10780;IF-13244;IF-1878;IF-7125175;PG-6699025;IF-1260;IF-32590;IF-1372;IF-1169;IF-2048;PG-44583;IF-1248;PG-44609;PG-6765109;IFS-15278;PG-44440;IF-1254;IF-12363;CAT-44365;IF-1187;IF-1313;IF-1087;IF-45781;PG-44468;IF-1862;IF-1914;IF-1046;PG-44551;IF-1147;PG-7146660;IF-7007820;PG-44563;PG-44472;CAT-316024;IF-1910;CAT-6698971;IF-3085;IF-1466;IF-1035;IFS-15385;IF-13280;PG-44422;IF-2043;IFS-15388;IF-1152;PG-44464;IFS-15286;IF-1865;IFS-15242;IF-13268;IF-3099;PG-44476;IF-1181;IF-1183;IF-1188;PG-44456;IF-3115;IF-12358;IF-12357;IF-1483;IF-1244;IF-7125186;PG-6765102;IFS-15277;PG-44480;PG-7144779;IF-1107;IF-1179","IF-1253;PG-44579;PG-44567;PG-44460;IF-1226;PG-44571;PG-44547;PG-44448;PG-44575;IF-3098;PG-44434;IF-3084;PG-44559;PG-44452;PG-44555;PG-44543;PG-44430;IF-1165;PG-44583;PG-44609;PG-44440;PG-44468;PG-44551;PG-44563;PG-44472;IF-3085;PG-44422;PG-44464;PG-44476;IF-1183;PG-44456;IF-1244;PG-44480"
"BEAMANGLMP_MAX","Beam Angle (Max)","IF-502;IF-505;IF-542;IF-539;IF-503;IF-568;CAT-9326;IF-547;MPG-9857;IF-541;IF-540;IF-587;IF-585",""
"LLMF16000","LLMF 16000 h Rated","IF-529;IF-525;IF-513;IF-541;IF-523;IF-514;IF-536;IF-528;IF-520;IF-517",""
"phohou.width","Housing Width","SC-9314",""
"NUNIT","Number of units","IF-13280;IF-1025;IF-3115;CAT-316024;IF-1040;IF-32590",""
"phohou.length","Housing Length","SC-9314",""
"INFPL","Infill plate","IF-1197;IF-2262;IF-2222;IF-1106;IF-2258;IF-1195;IF-2261;IF-2210;IF-2206;IF-1104;IF-2366",""
"LSTYPE","Light source type","",""
"phoopt.diameter","Optic Diameter","IF-1924;IF-1320;IF-32598;IF-1492;IF-32585;IF-1331;IF-1129;IF-1316;IF-1035;IF-1420;IF-1854;IF-2165;IF-1561;IF-6692424;IF-6965735;IF-1486;IF-1870;IF-1409;SC-9314;IF-1867;IF-9923;IF-1925;IF-1468;IF-1525;IF-1876;IF-3107;IF-1378;IF-1193;IF-1472;IF-1623;IF-32584;IF-1130;IF-1506;IF-1318;IF-1864;IF-1877;IF-1473;IF-3084;IF-1048;IF-1676;IF-1487;IF-1317;IF-1118;IF-1579;IF-1457;IF-7150974;IF-1043;IF-1675;IF-1015;IF-9921;IF-1474;IF-1873;IF-1314;IF-1871;IF-2166;IF-1921;IF-1169;IF-1186;IF-1906;IF-1868;IF-32578;IF-1319;IF-1856;IF-6975094;IF-1679;IF-1057;IF-1313;IF-6473048;IF-2042;IF-1264;IF-61617;IF-1863;IF-2164;IF-61619;IF-1413;IF-1914;IF-32599;IF-1488;IF-3105;IF-1329;IF-1861;IF-1037;IF-1128;IF-3087;IF-1321;IF-1121;IF-1923;IF-49752;IF-1862;IF-1855;IF-1170;IF-1311;IF-2020;IF-1875;IF-3097;IF-1475;IF-1415;IF-1922;IF-1469;IF-49754;IF-1482;IF-3085;IF-1989;IF-1132;IF-61628;IF-1119;IF-1419;IF-1903;IF-1352;IF-1865;IF-1866;IF-1672;IF-1189;IF-12358;IF-1251;IF-2046;IF-1084;IF-1133;IF-1330;IF-1060;IF-1315;IF-3078;IF-1908;IF-1228;IF-1387;IF-1646;IF-1040;IF-1902;IF-1615;IF-1483;IF-9916;IF-1898",""
"LMAIN5000_NOM","Lumen Maintenance 5000 h (Nom)","IF-530;IF-524;IF-526;IF-517;IF-535;IF-536;MPG-9857;IF-537;IF-543;IF-542;IF-518;IF-531;IF-523;IF-522;IF-515;IF-61693;IF-521;IF-538;IF-512;IF-544;IF-516",""
"phoopt.length","Optic Length","IF-1005;IF-1164;IF-2079;IF-1684;IF-1629;IF-2255;IF-2273;IF-1326;IF-3099;IF-1512;IF-2144;IF-2105;IF-2178;IF-1269;SC-9314;IF-1147;IF-2025;IF-2195;IF-1933;IF-2102;IF-1252;IF-2253;IF-2098;IF-2094;IF-2191;IF-2050;IF-2429;IF-1510;IF-1122;IF-32579;IF-2229;IF-2333;IF-1647;IF-2135;IF-2082;IF-1191;IF-1021;IF-1422;IF-2110;IF-1897;IF-3112;IF-2217;IF-3100;IF-1644;IF-1558;IF-2249;IF-12357;IF-2028;IF-1011;IF-1375;IF-13265;IF-1226;IF-2372;IF-1192;IF-1261;IF-2365;IF-1087;IF-1198;IF-1180;IF-2220;IF-1195;IF-6975094;IF-2080;IF-1057;IF-3080;IF-2143;IF-1047;IF-2363;IF-2153;IF-1353;IF-2095;IF-1152;IF-2114;IF-1527;IF-2347;IF-1162;IF-13268;IF-1227;IF-2021;IF-2245;IF-61627;IF-2140;IF-1237;IF-1267;IF-1270;IF-2198;IF-1931;IF-3096;IF-1663;IF-1190;IF-1107;IF-1415;IF-2092;IF-1149;IF-1243;IF-1932;IF-1469;IF-1017;IF-1325;IF-2091;IF-1183;IF-2261;IF-2348;IF-1106;IF-1919;IF-2190;IF-2016;IF-1157;IF-2356;IF-2270;IF-2258;IF-1898;IF-1423;IF-2338;IF-2332;IF-2206;IF-2088;IF-1561;IF-1511;IF-12361;IF-1155;IF-1151;IF-2265;IF-2073;IF-2381;IF-2272;IF-2369;IF-1171;IF-2069;IF-3098;IF-1266;IF-2093;IF-2355;IF-2271;IF-6692424;IF-2177;IF-1098;IF-1022;IF-13246;IF-2216;IF-2189;IF-2203;IF-32580;IF-1250;IF-2084;IF-1509;IF-32594;IF-1103;IF-2200;IF-2357;IF-2066;IF-2228;IF-1242;IF-3109;IF-2193;IF-2248;IF-2048;IF-1314;IF-1355;IF-1253;IF-1528;IF-2064;IF-2099;IF-2344;IF-1020;IF-1015;IF-1053;IF-2221;IF-1150;IF-2133;IF-1920;IF-2211;IF-2425;IF-2075;IF-1559;IF-2074;IF-2030;IF-1377;IF-2374;IF-2081;IF-2236;IF-1470;IF-1187;IF-2055;IF-1024;IF-2085;IF-9922;IF-2427;IF-6963622;IF-1188;IF-2259;IF-3104;IF-2100;IF-2146;IF-1154;IF-1104;IF-1930;IF-2078;IF-2247;IF-2027;IF-2276;IF-2337;IF-1259;IF-3110;IF-2020;IF-1003;IF-1156;IF-2106;IF-2335;IF-2233;IF-2385;IF-3079;IF-1926;IF-2194;IF-1857;IF-1244;IF-2065;IF-2377;IF-1899;IF-1560;IF-1194;IF-1181;IF-1927;IF-2161;IF-3114;IF-2244;IF-3108;IF-2201;IF-32600;IF-1163;IF-1056;IF-1145;IF-2072;IF-1822;IF-1376;IF-1127;IF-1179;IF-2083;IF-2375;IF-1197;IF-2008;IF-2339;IF-2222;IF-1143;IF-1060;IF-2387;IF-2274;IF-2210;IF-2097;IF-2087;IF-3078;IF-2154;IF-2386;IF-2086;IF-3103;IF-2383;IF-1144",""
"LUMFLUXT25","Initial luminous flux at 25 °C","IF-1249;PG-44551;IF-1152;IF-1036;PG-44555;IF-13265;IF-1144;IF-1251;IF-1084;IF-1187;IF-1155;IF-1087;IF-1035;IF-13280;IF-1143;IF-2080;IF-1244;IF-1048;IF-3099;IF-1107;IF-1165;IF-12357;IF-1188;IF-2081;PG-44543;IF-1171;IF-6963622;IF-1047;IF-3098;IF-3100;IF-1038;IF-1156;IF-1150;IF-1170;IF-1154;IF-1227;IF-1253;IF-1252;IF-3114;IF-1149;IF-1046;IF-1147;IF-1151;IF-1226;IF-1254;IF-1145;IF-1248;IF-1169;CAT-316024;IF-7007820",""
"phohou.height","Housing Height","SC-9314",""
"LSCLASS","Light source class","",""
"CVRFINISH","Optical cover/lens finish","IF-1254;IF-1084;IF-1144;IF-1155;IF-2078;PG-44448;IF-3067836;PG-44460;CAT-6702460;PG-44543;PG-44440;IF-1087;IF-1143;IF-13280;IF-1227;PG-7144779;PG-44555;IF-1046;IF-1151;IF-6963622;IF-12357;IF-1036;PG-6775339;PG-44468;IF-1154;MPG-44411;IF-2081;IF-1171;IF-5665768;IF-3098;IF-2079;IF-13268;IF-1152;PG-44434;IF-1187;CAT-6698971;IF-1188;IF-13265;IF-1048;IF-3099;PG-44452;IF-1252;PG-44609;IF-1251;MPG-6709949;CAT-44365;IF-6965739;CAT-316024;IF-1244;IF-1226;IF-1327;IF-1038;PG-44476;IF-2080;IF-1107;IF-1145;CAT-44366;PG-44551;IF-1165;IF-6965738;IF-1035;IF-1248;PG-44430;IF-1169;IF-1249;IF-7007820;IF-1156;IF-1147;IF-1149;PG-6709955;PG-44456;IF-3114;IF-3100;IF-1675518;IF-7207876;PG-44418;IF-1150;IF-6960802;IF-1170","PG-44448;IF-3067836;PG-44460;PG-44543;PG-44440;PG-44555;PG-44468;IF-5665768;IF-3098;PG-44434;PG-44452;PG-44609;IF-1244;IF-1226;PG-44476;CAT-44366;PG-44551;IF-1165;PG-44430;PG-44456;IF-1675518;PG-44418"
"LMAIN5000_MAX","Lumen Maintenance 5000 h (Max)","IF-517;IF-524;IF-544;IF-530;IF-526;IF-538;IF-531;IF-535;IF-536;IF-542;IF-537;IF-515;IF-522;IF-543;IF-518;IF-512;IF-61693;IF-521;IF-516;MPG-9857;IF-523",""
"phoopt.width","Optic Width","IF-1005;IF-1164;IF-1629;IF-2079;IF-1684;IF-1512;IF-2255;IF-2273;IF-1326;IF-3099;IF-2178;IF-2144;IF-2105;IF-1269;IF-1147;SC-9314;IF-2025;IF-2195;IF-2102;IF-1933;IF-2098;IF-1252;IF-2094;IF-2253;IF-2050;IF-2429;IF-2191;IF-1510;IF-32579;IF-1122;IF-2229;IF-2333;IF-2135;IF-2082;IF-1647;IF-1191;IF-1422;IF-1021;IF-2110;IF-1897;IF-3112;IF-3100;IF-1644;IF-2217;IF-1558;IF-2249;IF-2028;IF-12357;IF-2372;IF-1375;IF-1011;IF-13265;IF-1226;IF-1261;IF-1192;IF-2365;IF-1180;IF-1195;IF-1198;IF-6975094;IF-1087;IF-2220;IF-2080;IF-2021;IF-6963622;IF-3080;IF-1057;IF-2363;IF-1047;IF-2143;IF-2153;IF-1353;IF-1152;IF-13268;IF-2114;IF-2347;IF-1527;IF-1162;IF-1227;IF-2140;IF-61627;IF-2245;IF-1237;IF-1267;IF-1270;IF-2198;IF-3096;IF-1931;IF-1107;IF-1190;IF-1663;IF-2092;IF-1469;IF-1243;IF-1149;IF-1415;IF-1932;IF-1017;IF-1325;IF-2091;IF-1183;IF-2261;IF-2348;IF-1106;IF-2190;IF-2016;IF-1919;IF-1157;IF-2356;IF-2270;IF-2258;IF-1423;IF-1898;IF-2332;IF-2206;IF-2088;IF-1561;IF-1511;IF-1155;IF-12361;IF-1151;IF-2338;IF-2265;IF-2073;IF-2369;IF-2355;IF-1171;IF-2272;IF-2069;IF-3098;IF-1266;IF-2093;IF-2381;IF-2271;IF-2177;IF-1098;IF-1022;IF-2216;IF-13246;IF-2189;IF-2203;IF-32580;IF-1150;IF-1250;IF-2084;IF-1103;IF-1509;IF-6692424;IF-32594;IF-2200;IF-2357;IF-2066;IF-1242;IF-2048;IF-3109;IF-2228;IF-2193;IF-2248;IF-3104;IF-1314;IF-2099;IF-1528;IF-1253;IF-2064;IF-1355;IF-2344;IF-1020;IF-1015;IF-2221;IF-2425;IF-1053;IF-2133;IF-1920;IF-2211;IF-2075;IF-2030;IF-1559;IF-2074;IF-1377;IF-2374;IF-1187;IF-2055;IF-1470;IF-2236;IF-2095;IF-1024;IF-2100;IF-9922;IF-2081;IF-1188;IF-2427;IF-2085;IF-1104;IF-2259;IF-1154;IF-2146;IF-2247;IF-1930;IF-2233;IF-2078;IF-2027;IF-2276;IF-2337;IF-1259;IF-3110;IF-1376;IF-2335;IF-1003;IF-2106;IF-2020;IF-1156;IF-3079;IF-2377;IF-2385;IF-2194;IF-1926;IF-1244;IF-1857;IF-2065;IF-1927;IF-1899;IF-1194;IF-1181;IF-3114;IF-1560;IF-2244;IF-3108;IF-2201;IF-32600;IF-2072;IF-1056;IF-1822;IF-1163;IF-1145;IF-2161;IF-1127;IF-1179;IF-1197;IF-2008;IF-2083;IF-2375;IF-2339;IF-1143;IF-2222;IF-3078;IF-2387;IF-1060;IF-2274;IF-2210;IF-2097;IF-2086;IF-2087;IF-2386;IF-3103;IF-2154;IF-2383;IF-1144",""
"LLMF2000","LLMF 2000 h Rated","IF-514;IF-517;IF-529;IF-525;IF-530;IF-520;IF-541;IF-523;IF-513;IF-528;IF-536;IF-545;IF-511",""